1,0.1,1.20778,0.101449
1,0.2,1.30559,0.0730022
1,0.3,1.40339,0.247454
1,0.4,1.5012,0.421905
1,0.5,1.59901,0.596356
1,0.6,1.69682,0.770808
1,0.7,1.79463,0.945259
1,0.8,1.89244,1.11971
1,0.9,1.99025,1.29416
1,1,2.08806,1.46861
1,1.1,2.18587,1.64306
1,1.2,2.28368,1.81752
1,1.3,2.38149,1.99197
1,1.4,2.4793,2.16642
1,1.5,2.57711,2.34087
1,1.6,2.67492,2.51532
1,1.7,2.77273,2.68977
1,1.8,2.87054,2.86422
1,1.9,2.96835,3.03868
1,2,3.06616,3.21313
1,2.1,3.16397,3.38758
1,2.2,3.26178,3.56203
1,2.3,3.35959,3.73648
1,2.4,3.4574,3.91093
1,2.5,3.55521,4.08538
1,2.6,3.65301,4.25984
1,2.7,3.75082,4.43429
1,2.8,3.84863,4.60874
1,2.9,3.94644,4.78319
1,3,4.04425,4.95764
1,3.1,4.14206,4.86791
1,3.2,4.23987,4.69346
1,3.3,4.33768,4.519
1,3.4,4.43549,4.34455
1,3.5,4.5333,4.1701
1,3.6,4.63111,3.99565
1,3.7,4.72892,3.8212
1,3.8,4.82673,3.64675
1,3.9,4.92454,3.4723
1,4,4.97765,3.29785
1,4.1,4.87984,3.12339
1,4.2,4.78203,2.94894
1,4.3,4.68422,2.77449
1,4.4,4.58641,2.60004
1,4.5,4.4886,2.42559
1,4.6,4.39079,2.25114
1,4.7,4.29298,2.07669
1,4.8,4.19517,1.90223
1,4.9,4.09736,1.72778
1,5,3.99956,1.55333
1,5.1,3.90175,1.37888
1,5.2,3.80394,1.20443
1,5.3,3.70613,1.02998
1,5.4,3.60832,0.855526
1,5.5,3.51051,0.681074
1,5.6,3.4127,0.506623
1,5.7,3.31489,0.332172
1,5.8,3.21708,0.15772
1,5.9,3.11927,0.0167311
1,6,3.02146,0.191183
1,6.1,2.92365,0.365634
1,6.2,2.82584,0.540085
1,6.3,2.72803,0.714537
1,6.4,2.63022,0.888988
1,6.5,2.53241,1.06344
1,6.6,2.4346,1.23789
1,6.7,2.33679,1.41234
1,6.8,2.23898,1.58679
1,6.9,2.14117,1.76124
1,7,2.04336,1.9357
1,7.1,1.94555,2.11015
1,7.2,1.84774,2.2846
1,7.3,1.74993,2.45905
1,7.4,1.65213,2.6335
1,7.5,1.55432,2.80795
1,7.6,1.45651,2.9824
1,7.7,1.3587,3.15686
1,7.8,1.26089,3.33131
1,7.9,1.16308,3.50576
1,8,1.06527,3.68021
1,8.1,0.967458,3.85466
1,8.2,0.869648,4.02911
1,8.3,0.771839,4.20356
1,8.4,0.674029,4.37802
1,8.5,0.57622,4.55247
1,8.6,0.47841,4.72692
1,8.7,0.380601,4.90137
1,8.8,0.282791,4.92418
1,8.9,0.184981,4.74973
1,9,0.0871718,4.57528
1,9.1,0.0106377,4.40082
1,9.2,0.108447,4.22637
1,9.3,0.206257,4.05192
1,9.4,0.304066,3.87747
1,9.5,0.401876,3.70302
1,9.6,0.499686,3.52857
1,9.7,0.597495,3.35412
1,9.8,0.695305,3.17966
1,9.9,0.793114,3.00521
1,10,0.890924,2.83076
1,10.1,0.988734,2.65631
1,10.2,1.08654,2.48186
1,10.3,1.18435,2.30741
1,10.4,1.28216,2.13296
1,10.5,1.37997,1.95851
1,10.6,1.47778,1.78405
1,10.7,1.57559,1.6096
1,10.8,1.6734,1.43515
1,10.9,1.77121,1.2607
1,11,1.86902,1.08625
1,11.1,1.96683,0.911797
1,11.2,2.06464,0.737345
1,11.3,2.16245,0.562894
1,11.4,2.26026,0.388443
1,11.5,2.35807,0.213991
1,11.6,2.45588,0.0395399
1,11.7,2.55369,0.134911
1,11.8,2.6515,0.309363
1,11.9,2.74931,0.483814
1,12,2.84712,0.658266
1,12.1,2.94493,0.832717
1,12.2,3.04273,1.00717
1,12.3,3.14054,1.18162
1,12.4,3.23835,1.35607
1,12.5,3.33616,1.53052
1,12.6,3.43397,1.70497
1,12.7,3.53178,1.87943
1,12.8,3.62959,2.05388
1,12.9,3.7274,2.22833
1,13,3.82521,2.40278
1,13.1,3.92302,2.57723
1,13.2,4.02083,2.75168
1,13.3,4.11864,2.92613
1,13.4,4.21645,3.10059
1,13.5,4.31426,3.27504
1,13.6,4.41207,3.44949
1,13.7,4.50988,3.62394
1,13.8,4.60769,3.79839
1,13.9,4.7055,3.97284
1,14,4.80331,4.14729
1,14.1,4.90112,4.32174
1,14.2,4.99893,4.4962
1,14.3,4.90326,4.67065
1,14.4,4.80545,4.8451
1,14.5,4.70764,4.98045
1,14.6,4.60984,4.806
1,14.7,4.51203,4.63155
1,14.8,4.41422,4.4571
1,14.9,4.31641,4.28264
1,15,4.2186,4.10819
1,15.1,4.12079,3.93374
1,15.2,4.02298,3.75929
1,15.3,3.92517,3.58484
1,15.4,3.82736,3.41039
1,15.5,3.72955,3.23594
1,15.6,3.63174,3.06148
1,15.7,3.53393,2.88703
1,15.8,3.43612,2.71258
1,15.9,3.33831,2.53813
1,16,3.2405,2.36368
1,16.1,3.14269,2.18923
1,16.2,3.04488,2.01478
1,16.3,2.94707,1.84032
1,16.4,2.84926,1.66587
1,16.5,2.75145,1.49142
1,16.6,2.65364,1.31697
1,16.7,2.55583,1.14252
1,16.8,2.45802,0.968068
1,16.9,2.36021,0.793616
1,17,2.26241,0.619165
1,17.1,2.1646,0.444714
1,17.2,2.06679,0.270262
1,17.3,1.96898,0.095811
1,17.4,1.87117,0.0786404
1,17.5,1.77336,0.253092
1,17.6,1.67555,0.427543
1,17.7,1.57774,0.601995
1,17.8,1.47993,0.776446
1,17.9,1.38212,0.950897
1,18,1.28431,1.12535
1,18.1,1.1865,1.2998
1,18.2,1.08869,1.47425
1,18.3,0.990881,1.6487
1,18.4,0.893071,1.82315
1,18.5,0.795262,1.99761
1,18.6,0.697452,2.17206
1,18.7,0.599642,2.34651
1,18.8,0.501833,2.52096
1,18.9,0.404023,2.69541
1,19,0.306214,2.86986
1,19.1,0.208404,3.04431
1,19.2,0.110595,3.21877
1,19.3,0.012785,3.39322
1,19.4,0.0850246,3.56767
1,19.5,0.182834,3.74212
1,19.6,0.280644,3.91657
1,19.7,0.378453,4.09102
1,19.8,0.476263,4.26547
1,19.9,0.574073,4.43993
1,20,0.671882,4.61438
1,20.1,0.769692,4.78883
1,20.2,0.867501,4.96328
1,20.3,0.965311,4.86227
1,20.4,1.06312,4.68782
1,20.5,1.16093,4.51337
1,20.6,1.25874,4.33892
1,20.7,1.35655,4.16446
1,20.8,1.45436,3.99001
1,20.9,1.55217,3.81556
1,21,1.64998,3.64111
1,21.1,1.74779,3.46666
1,21.2,1.8456,3.29221
1,21.3,1.94341,3.11776
1,21.4,2.04122,2.9433
1,21.5,2.13903,2.76885
1,21.6,2.23684,2.5944
1,21.7,2.33464,2.41995
1,21.8,2.43245,2.2455
1,21.9,2.53026,2.07105
1,22,2.62807,1.8966
1,22.1,2.72588,1.72214
1,22.2,2.82369,1.54769
1,22.3,2.9215,1.37324
1,22.4,3.01931,1.19879
1,22.5,3.11712,1.02434
1,22.6,3.21493,0.849888
1,22.7,3.31274,0.675436
1,22.8,3.41055,0.500985
1,22.9,3.50836,0.326533
1,23,3.60617,0.152082
1,23.1,3.70398,0.0223694
1,23.2,3.80179,0.196821
1,23.3,3.8996,0.371272
1,23.4,3.99741,0.545724
1,23.5,4.09522,0.720175
1,23.6,4.19303,0.894626
1,23.7,4.29084,1.06908
1,23.8,4.38865,1.24353
1,23.9,4.48646,1.41798
1,24,4.58427,1.59243
1,24.1,4.68207,1.76688
1,24.2,4.77988,1.94133
1,24.3,4.87769,2.11579
1,24.4,4.9755,2.29024
1,24.5,4.92669,2.46469
1,24.6,4.82888,2.63914
1,24.7,4.73107,2.81359
1,24.8,4.63326,2.98804
1,24.9,4.53545,3.16249
1,25,4.43764,3.33695
1,25.1,4.33983,3.5114
1,25.2,4.24202,3.68585
1,25.3,4.14421,3.8603
1,25.4,4.0464,4.03475
1,25.5,3.94859,4.2092
1,25.6,3.85078,4.38365
1,25.7,3.75297,4.55811
1,25.8,3.65516,4.73256
1,25.9,3.55735,4.90701
1,26,3.45954,4.91854
1,26.1,3.36173,4.74409
1,26.2,3.26392,4.56964
1,26.3,3.16611,4.39519
1,26.4,3.0683,4.22073
1,26.5,2.9705,4.04628
1,26.6,2.87269,3.87183
1,26.7,2.77488,3.69738
1,26.8,2.67707,3.52293
1,26.9,2.57926,3.34848
1,27,2.48145,3.17403
1,27.1,2.38364,2.99958
1,27.2,2.28583,2.82512
1,27.3,2.18802,2.65067
1,27.4,2.09021,2.47622
1,27.5,1.9924,2.30177
1,27.6,1.89459,2.12732
1,27.7,1.79678,1.95287
1,27.8,1.69897,1.77842
1,27.9,1.60116,1.60396
1,28,1.50335,1.42951
1,28.1,1.40554,1.25506
1,28.2,1.30773,1.08061
1,28.3,1.20992,0.906159
1,28.4,1.11211,0.731707
1,28.5,1.0143,0.557256
1,28.6,0.916494,0.382804
1,28.7,0.818684,0.208353
1,28.8,0.720875,0.0339016
1,28.9,0.623065,0.14055
1,29,0.525256,0.315001
1,29.1,0.427446,0.489453
1,29.2,0.329636,0.663904
1,29.3,0.231827,0.838355
1,29.4,0.134017,1.01281
1,29.5,0.0362077,1.18726
1,29.6,0.0616019,1.36171
1,29.7,0.159411,1.53616
1,29.8,0.257221,1.71061
1,29.9,0.355031,1.88506
1,30,0.45284,2.05951
1,30.1,0.55065,2.23397
1,30.2,0.648459,2.40842
1,30.3,0.746269,2.58287
1,30.4,0.844079,2.75732
1,30.5,0.941888,2.93177
1,30.6,1.0397,3.10622
1,30.7,1.13751,3.28067
1,30.8,1.23532,3.45513
1,30.9,1.33313,3.62958
1,31,1.43094,3.80403
1,31.1,1.52875,3.97848
1,31.2,1.62656,4.15293
1,31.3,1.72436,4.32738
1,31.4,1.82217,4.50183
1,31.5,1.91998,4.67629
1,31.6,2.01779,4.85074
1,31.7,2.1156,4.97481
1,31.8,2.21341,4.80036
1,31.9,2.31122,4.62591
1,32,2.40903,4.45146
1,32.1,2.50684,4.27701
1,32.2,2.60465,4.10255
1,32.3,2.70246,3.9281
1,32.4,2.80027,3.75365
1,32.5,2.89808,3.5792
1,32.6,2.99589,3.40475
1,32.7,3.0937,3.2303
1,32.8,3.19151,3.05585
1,32.9,3.28932,2.88139
1,33,3.38713,2.70694
1,33.1,3.48494,2.53249
1,33.2,3.58275,2.35804
1,33.3,3.68056,2.18359
1,33.4,3.77837,2.00914
1,33.5,3.87618,1.83469
1,33.6,3.97399,1.66024
1,33.7,4.07179,1.48578
1,33.8,4.1696,1.31133
1,33.9,4.26741,1.13688
1,34,4.36522,0.96243
1,34.1,4.46303,0.787978
1,34.2,4.56084,0.613527
1,34.3,4.65865,0.439075
1,34.4,4.75646,0.264624
1,34.5,4.85427,0.0901727
1,34.6,4.95208,0.0842787
1,34.7,4.95011,0.25873
1,34.8,4.8523,0.433181
1,34.9,4.75449,0.607633
1,35,4.65668,0.782084
1,35.1,4.55887,0.956536
1,35.2,4.46106,1.13099
1,35.3,4.36325,1.30544
1,35.4,4.26544,1.47989
1,35.5,4.16763,1.65434
1,35.6,4.06982,1.82879
1,35.7,3.97201,2.00324
1,35.8,3.8742,2.1777
1,35.9,3.77639,2.35215
1,36,3.67858,2.5266
1,36.1,3.58078,2.70105
1,36.2,3.48297,2.8755
1,36.3,3.38516,3.04995
1,36.4,3.28735,3.2244
1,36.5,3.18954,3.39886
1,36.6,3.09173,3.57331
1,36.7,2.99392,3.74776
1,36.8,2.89611,3.92221
1,36.9,2.7983,4.09666
1,37,2.70049,4.27111
1,37.1,2.60268,4.44556
1,37.2,2.50487,4.62001
1,37.3,2.40706,4.79447
1,37.4,2.30925,4.96892
1,37.5,2.21144,4.85663
1,37.6,2.11363,4.68218
1,37.7,2.01582,4.50773
1,37.8,1.91801,4.33328
1,37.9,1.8202,4.15883
1,38,1.72239,3.98437
1,38.1,1.62458,3.80992
1,38.2,1.52677,3.63547
1,38.3,1.42896,3.46102
1,38.4,1.33115,3.28657
1,38.5,1.23335,3.11212
1,38.6,1.13554,2.93767
1,38.7,1.03773,2.76321
1,38.8,0.939917,2.58876
1,38.9,0.842107,2.41431
1,39,0.744297,2.23986
1,39.1,0.646488,2.06541
1,39.2,0.548678,1.89096
1,39.3,0.450869,1.71651
1,39.4,0.353059,1.54205
1,39.5,0.25525,1.3676
1,39.6,0.15744,1.19315
1,39.7,0.0596304,1.0187
1,39.8,0.0381792,0.844249
1,39.9,0.135989,0.669798
1,40,0.233798,0.495346
1,40.1,0.331608,0.320895
1,40.2,0.429418,0.146444
1,40.3,0.527227,0.0280077
1,40.4,0.625037,0.202459
1,40.5,0.722846,0.37691
1,40.6,0.820656,0.551362
1,40.7,0.918465,0.725813
1,40.8,1.01627,0.900265
1,40.9,1.11408,1.07472
1,41,1.21189,1.24917
1,41.1,1.3097,1.42362
1,41.2,1.40751,1.59807
1,41.3,1.50532,1.77252
1,41.4,1.60313,1.94697
1,41.5,1.70094,2.12142
1,41.6,1.79875,2.29588
1,41.7,1.89656,2.47033
1,41.8,1.99437,2.64478
1,41.9,2.09218,2.81923
1,42,2.18999,2.99368
1,42.1,2.2878,3.16813
1,42.2,2.38561,3.34258
1,42.3,2.48342,3.51704
1,42.4,2.58123,3.69149
1,42.5,2.67904,3.86594
1,42.6,2.77685,4.04039
1,42.7,2.87466,4.21484
1,42.8,2.97247,4.38929
1,42.9,3.07028,4.56374
1,43,3.16809,4.7382
1,43.1,3.2659,4.91265
1,43.2,3.3637,4.9129
1,43.3,3.46151,4.73845
1,43.4,3.55932,4.564
1,43.5,3.65713,4.38955
1,43.6,3.75494,4.2151
1,43.7,3.85275,4.04065
1,43.8,3.95056,3.86619
1,43.9,4.04837,3.69174
1,44,4.14618,3.51729
1,44.1,4.24399,3.34284
1,44.2,4.3418,3.16839
1,44.3,4.43961,2.99394
1,44.4,4.53742,2.81949
1,44.5,4.63523,2.64503
1,44.6,4.73304,2.47058
1,44.7,4.83085,2.29613
1,44.8,4.92866,2.12168
1,44.9,4.97353,1.94723
1,45,4.87572,1.77278
1,45.1,4.77791,1.59833
1,45.2,4.6801,1.42387
1,45.3,4.58229,1.24942
1,45.4,4.48448,1.07497
1,45.5,4.38667,0.90052
1,45.6,4.28887,0.726069
1,45.7,4.19106,0.551618
1,45.8,4.09325,0.377166
1,45.9,3.99544,0.202715
1,46,3.89763,0.0282634
1,46.1,3.79982,0.146188
1,46.2,3.70201,0.320639
1,46.3,3.6042,0.495091
1,46.4,3.50639,0.669542
1,46.5,3.40858,0.843994
1,46.6,3.31077,1.01844
1,46.7,3.21296,1.1929
1,46.8,3.11515,1.36735
1,46.9,3.01734,1.5418
1,47,2.91953,1.71625
1,47.1,2.82172,1.8907
1,47.2,2.72391,2.06515
1,47.3,2.6261,2.2396
1,47.4,2.52829,2.41406
1,47.5,2.43048,2.58851
1,47.6,2.33267,2.76296
1,47.7,2.23486,2.93741
1,47.8,2.13705,3.11186
1,47.9,2.03924,3.28631
1,48,1.94144,3.46076
1,48.1,1.84363,3.63522
1,48.2,1.74582,3.80967
1,48.3,1.64801,3.98412
1,48.4,1.5502,4.15857
1,48.5,1.45239,4.33302
1,48.6,1.35458,4.50747
1,48.7,1.25677,4.68192
1,48.8,1.15896,4.85638
1,48.9,1.06115,4.96917
1,49,0.963339,4.79472
1,49.1,0.86553,4.62027
1,49.2,0.76772,4.44582
1,49.3,0.669911,4.27137
1,49.4,0.572101,4.09692
1,49.5,0.474291,3.92246
1,49.6,0.376482,3.74801
1,49.7,0.278672,3.57356
1,49.8,0.180863,3.39911
1,49.9,0.0830531,3.22466
1,50,0.0147565,3.05021
1,50.1,0.112566,2.87576
1,50.2,0.210376,2.70131
1,50.3,0.308185,2.52685
1,50.4,0.405995,2.3524
1,50.5,0.503804,2.17795
1,50.6,0.601614,2.0035
1,50.7,0.699424,1.82905
1,50.8,0.797233,1.6546
1,50.9,0.895043,1.48015
1,51,0.992852,1.30569
1,51.1,1.09066,1.13124
1,51.2,1.18847,0.956791
1,51.3,1.28628,0.78234
1,51.4,1.38409,0.607889
1,51.5,1.4819,0.433437
1,51.6,1.57971,0.258986
1,51.7,1.67752,0.0845344
1,51.8,1.77533,0.089917
1,51.9,1.87314,0.264368
1,52,1.97095,0.43882
1,52.1,2.06876,0.613271
1,52.2,2.16657,0.787723
1,52.3,2.26438,0.962174
1,52.4,2.36219,1.13663
1,52.5,2.46,1.31108
1,52.6,2.55781,1.48553
1,52.7,2.65562,1.65998
1,52.8,2.75342,1.83443
1,52.9,2.85123,2.00888
1,53,2.94904,2.18333
1,53.1,3.04685,2.35778
1,53.2,3.14466,2.53224
1,53.3,3.24247,2.70669
1,53.4,3.34028,2.88114
1,53.5,3.43809,3.05559
1,53.6,3.5359,3.23004
1,53.7,3.63371,3.40449
1,53.8,3.73152,3.57894
1,53.9,3.82933,3.7534
1,54,3.92714,3.92785
1,54.1,4.02495,4.1023
1,54.2,4.12276,4.27675
1,54.3,4.22057,4.4512
1,54.4,4.31838,4.62565
1,54.5,4.41619,4.8001
1,54.6,4.514,4.97456
1,54.7,4.61181,4.85099
1,54.8,4.70962,4.67654
1,54.9,4.80743,4.50209
1,55,4.90524,4.32764
1,55.1,4.99695,4.15319
1,55.2,4.89915,3.97874
1,55.3,4.80134,3.80428
1,55.4,4.70353,3.62983
1,55.5,4.60572,3.45538
1,55.6,4.50791,3.28093
1,55.7,4.4101,3.10648
1,55.8,4.31229,2.93203
1,55.9,4.21448,2.75758
1,56,4.11667,2.58312
1,56.1,4.01886,2.40867
1,56.2,3.92105,2.23422
1,56.3,3.82324,2.05977
1,56.4,3.72543,1.88532
1,56.5,3.62762,1.71087
1,56.6,3.52981,1.53642
1,56.7,3.432,1.36197
1,56.8,3.33419,1.18751
1,56.9,3.23638,1.01306
1,57,3.13857,0.838611
1,57.1,3.04076,0.66416
1,57.2,2.94295,0.489708
1,57.3,2.84514,0.315257
1,57.4,2.74733,0.140805
1,57.5,2.64952,0.0336459
1,57.6,2.55172,0.208097
1,57.7,2.45391,0.382549
1,57.8,2.3561,0.557
1,57.9,2.25829,0.731451
1,58,2.16048,0.905903
1,58.1,2.06267,1.08035
1,58.2,1.96486,1.25481
1,58.3,1.86705,1.42926
1,58.4,1.76924,1.60371
1,58.5,1.67143,1.77816
1,58.6,1.57362,1.95261
1,58.7,1.47581,2.12706
1,58.8,1.378,2.30151
1,58.9,1.28019,2.47597
1,59,1.18238,2.65042
1,59.1,1.08457,2.82487
1,59.2,0.986762,2.99932
1,59.3,0.888952,3.17377
1,59.4,0.791143,3.34822
1,59.5,0.693333,3.52267
1,59.6,0.595524,3.69713
1,59.7,0.497714,3.87158
1,59.8,0.399905,4.04603
1,59.9,0.302095,4.22048
1,60,0.204285,4.39493
1,60.1,0.106476,4.56938
1,60.2,0.00866625,4.74383
1,60.3,0.0891433,4.91828
1,60.4,0.186953,4.90726
1,60.5,0.284762,4.73281
1,60.6,0.382572,4.55836
1,60.7,0.480382,4.38391
1,60.8,0.578191,4.20946
1,60.9,0.676001,4.03501
1,61,0.77381,3.86056
1,61.1,0.87162,3.6861
1,61.2,0.96943,3.51165
1,61.3,1.06724,3.3372
1,61.4,1.16505,3.16275
1,61.5,1.26286,2.9883
1,61.6,1.36067,2.81385
1,61.7,1.45848,2.6394
1,61.8,1.55629,2.46494
1,61.9,1.6541,2.29049
1,62,1.75191,2.11604
1,62.1,1.84972,1.94159
1,62.2,1.94753,1.76714
1,62.3,2.04533,1.59269
1,62.4,2.14314,1.41824
1,62.5,2.24095,1.24378
1,62.6,2.33876,1.06933
1,62.7,2.43657,0.894882
1,62.8,2.53438,0.720431
1,62.9,2.63219,0.545979
1,63,2.73,0.371528
1,63.1,2.82781,0.197076
1,63.2,2.92562,0.0226251
1,63.3,3.02343,0.151826
1,63.4,3.12124,0.326278
1,63.5,3.21905,0.500729
1,63.6,3.31686,0.67518
1,63.7,3.41467,0.849632
1,63.8,3.51248,1.02408
1,63.9,3.61029,1.19853
1,64,3.7081,1.37299
1,64.1,3.80591,1.54744
1,64.2,3.90372,1.72189
1,64.3,4.00153,1.89634
1,64.4,4.09934,2.07079
1,64.5,4.19715,2.24524
1,64.6,4.29496,2.41969
1,64.7,4.39276,2.59415
1,64.8,4.49057,2.7686
1,64.9,4.58838,2.94305
1,65,4.68619,3.1175
1,65.1,4.784,3.29195
1,65.2,4.88181,3.4664
1,65.3,4.97962,3.64085
1,65.4,4.92257,3.81531
1,65.5,4.82476,3.98976
1,65.6,4.72695,4.16421
1,65.7,4.62914,4.33866
1,65.8,4.53133,4.51311
1,65.9,4.43352,4.68756
1,66,4.33571,4.86201
1,66.1,4.2379,4.96353
1,66.2,4.14009,4.78908
1,66.3,4.04228,4.61463
1,66.4,3.94447,4.44018
1,66.5,3.84666,4.26573
1,66.6,3.74885,4.09128
1,66.7,3.65104,3.91683
1,66.8,3.55323,3.74238
1,66.9,3.45542,3.56792
1,67,3.35761,3.39347
1,67.1,3.25981,3.21902
1,67.2,3.162,3.04457
1,67.3,3.06419,2.87012
1,67.4,2.96638,2.69567
1,67.5,2.86857,2.52122
1,67.6,2.77076,2.34676
1,67.7,2.67295,2.17231
1,67.8,2.57514,1.99786
1,67.9,2.47733,1.82341
1,68,2.37952,1.64896
1,68.1,2.28171,1.47451
1,68.2,2.1839,1.30006
1,68.3,2.08609,1.1256
1,68.4,1.98828,0.951153
1,68.5,1.89047,0.776702
1,68.6,1.79266,0.60225
1,68.7,1.69485,0.427799
1,68.8,1.59704,0.253348
1,68.9,1.49923,0.0788962
1,69,1.40142,0.0955552
1,69.1,1.30361,0.270007
1,69.2,1.2058,0.444458
1,69.3,1.10799,0.618909
1,69.4,1.01018,0.793361
1,69.5,0.912375,0.967812
1,69.6,0.814566,1.14226
1,69.7,0.716756,1.31671
1,69.8,0.618946,1.49117
1,69.9,0.521137,1.66562
1,70,0.423327,1.84007
1,70.1,0.325518,2.01452
1,70.2,0.227708,2.18897
1,70.3,0.129899,2.36342
1,70.4,0.032089,2.53787
1,70.5,0.0657206,2.71233
1,70.6,0.16353,2.88678
1,70.7,0.26134,3.06123
1,70.8,0.359149,3.23568
1,70.9,0.456959,3.41013
1,71,0.554769,3.58458
1,71.1,0.652578,3.75903
1,71.2,0.750388,3.93349
1,71.3,0.848197,4.10794
1,71.4,0.946007,4.28239
1,71.5,1.04382,4.45684
1,71.6,1.14163,4.63129
1,71.7,1.23944,4.80574
1,71.8,1.33725,4.98019
1,71.9,1.43505,4.84535
1,72,1.53286,4.6709
1,72.1,1.63067,4.49645
1,72.2,1.72848,4.322
1,72.3,1.82629,4.14755
1,72.4,1.9241,3.9731
1,72.5,2.02191,3.79865
1,72.6,2.11972,3.62419
1,72.7,2.21753,3.44974
1,72.8,2.31534,3.27529
1,72.9,2.41315,3.10084
1,73,2.51096,2.92639
1,73.1,2.60877,2.75194
1,73.2,2.70658,2.57749
1,73.3,2.80439,2.40304
1,73.4,2.9022,2.22858
1,73.5,3.00001,2.05413
1,73.6,3.09782,1.87968
1,73.7,3.19563,1.70523
1,73.8,3.29344,1.53078
1,73.9,3.39125,1.35633
1,74,3.48906,1.18188
1,74.1,3.58687,1.00742
1,74.2,3.68468,0.832973
1,74.3,3.78248,0.658521
1,74.4,3.88029,0.48407
1,74.5,3.9781,0.309619
1,74.6,4.07591,0.135167
1,74.7,4.17372,0.0392842
1,74.8,4.27153,0.213736
1,74.9,4.36934,0.388187
1,75,4.46715,0.562638
1,75.1,4.56496,0.73709
1,75.2,4.66277,0.911541
1,75.3,4.76058,1.08599
1,75.4,4.85839,1.26044
1,75.5,4.9562,1.4349
1,75.6,4.94599,1.60935
1,75.7,4.84818,1.7838
1,75.8,4.75037,1.95825
1,75.9,4.65256,2.1327
1,76,4.55475,2.30715
1,76.1,4.45694,2.4816
1,76.2,4.35913,2.65605
1,76.3,4.26132,2.83051
1,76.4,4.16351,3.00496
1,76.5,4.0657,3.17941
1,76.6,3.96789,3.35386
1,76.7,3.87009,3.52831
1,76.8,3.77228,3.70276
1,76.9,3.67447,3.87721
1,77,3.57666,4.05167
1,77.1,3.47885,4.22612
1,77.2,3.38104,4.40057
1,77.3,3.28323,4.57502
1,77.4,3.18542,4.74947
1,77.5,3.08761,4.92392
1,77.6,2.9898,4.90163
1,77.7,2.89199,4.72717
1,77.8,2.79418,4.55272
1,77.9,2.69637,4.37827
1,78,2.59856,4.20382
1,78.1,2.50075,4.02937
1,78.2,2.40294,3.85492
1,78.3,2.30513,3.68047
1,78.4,2.20732,3.50601
1,78.5,2.10951,3.33156
1,78.6,2.0117,3.15711
1,78.7,1.91389,2.98266
1,78.8,1.81608,2.80821
1,78.9,1.71827,2.63376
1,79,1.62046,2.45931
1,79.1,1.52266,2.28485
1,79.2,1.42485,2.1104
1,79.3,1.32704,1.93595
1,79.4,1.22923,1.7615
1,79.5,1.13142,1.58705
1,79.6,1.03361,1.4126
1,79.7,0.935798,1.23815
1,79.8,0.837988,1.0637
1,79.9,0.740179,0.889244
1,80,0.642369,0.714792
1,80.1,0.54456,0.540341
1,80.2,0.44675,0.36589
1,80.3,0.34894,0.191438
1,80.4,0.251131,0.0169868
1,80.5,0.153321,0.157465
1,80.6,0.0555117,0.331916
1,80.7,0.0422979,0.506367
1,80.8,0.140107,0.680819
1,80.9,0.237917,0.85527
1,81,0.335727,1.02972
1,81.1,0.433536,1.20417
1,81.2,0.531346,1.37862
1,81.3,0.629155,1.55308
1,81.4,0.726965,1.72753
1,81.5,0.824775,1.90198
1,81.6,0.922584,2.07643
1,81.7,1.02039,2.25088
1,81.8,1.1182,2.42533
1,81.9,1.21601,2.59978
1,82,1.31382,2.77424
1,82.1,1.41163,2.94869
1,82.2,1.50944,3.12314
1,82.3,1.60725,3.29759
1,82.4,1.70506,3.47204
1,82.5,1.80287,3.64649
1,82.6,1.90068,3.82094
1,82.7,1.99849,3.9954
1,82.8,2.0963,4.16985
1,82.9,2.19411,4.3443
1,83,2.29192,4.51875
1,83.1,2.38973,4.6932
1,83.2,2.48754,4.86765
1,83.3,2.58535,4.9579
1,83.4,2.68316,4.78345
1,83.5,2.78097,4.60899
1,83.6,2.87878,4.43454
1,83.7,2.97659,4.26009
1,83.8,3.07439,4.08564
1,83.9,3.1722,3.91119
1,84,3.27001,3.73674
1,84.1,3.36782,3.56229
1,84.2,3.46563,3.38783
1,84.3,3.56344,3.21338
1,84.4,3.66125,3.03893
1,84.5,3.75906,2.86448
1,84.6,3.85687,2.69003
1,84.7,3.95468,2.51558
1,84.8,4.05249,2.34113
1,84.9,4.1503,2.16667
1,85,4.24811,1.99222
1,85.1,4.34592,1.81777
1,85.2,4.44373,1.64332
1,85.3,4.54154,1.46887
1,85.4,4.63935,1.29442
1,85.5,4.73716,1.11997
1,85.6,4.83497,0.945515
1,85.7,4.93278,0.771063
1,85.8,4.96941,0.596612
1,85.9,4.8716,0.422161
1,86,4.77379,0.247709
1,86.1,4.67598,0.0732579
1,86.2,4.57818,0.101194
1,86.3,4.48037,0.275645
1,86.4,4.38256,0.450096
1,86.5,4.28475,0.624548
1,86.6,4.18694,0.798999
1,86.7,4.08913,0.97345
1,86.8,3.99132,1.1479
1,86.9,3.89351,1.32235
1,87,3.7957,1.4968
1,87.1,3.69789,1.67126
1,87.2,3.60008,1.84571
1,87.3,3.50227,2.02016
1,87.4,3.40446,2.19461
1,87.5,3.30665,2.36906
1,87.6,3.20884,2.54351
1,87.7,3.11103,2.71796
1,87.8,3.01322,2.89242
1,87.9,2.91541,3.06687
1,88,2.8176,3.24132
1,88.1,2.71979,3.41577
1,88.2,2.62198,3.59022
1,88.3,2.52417,3.76467
1,88.4,2.42636,3.93912
1,88.5,2.32855,4.11358
1,88.6,2.23075,4.28803
1,88.7,2.13294,4.46248
1,88.8,2.03513,4.63693
1,88.9,1.93732,4.81138
1,89,1.83951,4.98583
1,89.1,1.7417,4.83972
1,89.2,1.64389,4.66526
1,89.3,1.54608,4.49081
1,89.4,1.44827,4.31636
1,89.5,1.35046,4.14191
1,89.6,1.25265,3.96746
1,89.7,1.15484,3.79301
1,89.8,1.05703,3.61856
1,89.9,0.959221,3.44411
1,90,0.861411,3.26965
1,90.1,0.763601,3.0952
1,90.2,0.665792,2.92075
1,90.3,0.567982,2.7463
1,90.4,0.470173,2.57185
1,90.5,0.372363,2.3974
1,90.6,0.274554,2.22295
1,90.7,0.176744,2.04849
1,90.8,0.0789344,1.87404
1,90.9,0.0188752,1.69959
1,91,0.116685,1.52514
1,91.1,0.214494,1.35069
1,91.2,0.312304,1.17624
1,91.3,0.410114,1.00179
1,91.4,0.507923,0.827334
1,91.5,0.605733,0.652883
1,91.6,0.703542,0.478432
1,91.7,0.801352,0.30398
1,91.8,0.899161,0.129529
1,91.9,0.996971,0.0449225
1,92,1.09478,0.219374
1,92.1,1.19259,0.393825
1,92.2,1.2904,0.568277
1,92.3,1.38821,0.742728
1,92.4,1.48602,0.917179
1,92.5,1.58383,1.09163
1,92.6,1.68164,1.26608
1,92.7,1.77945,1.44053
1,92.8,1.87726,1.61498
1,92.9,1.97507,1.78944
1,93,2.07288,1.96389
1,93.1,2.17069,2.13834
1,93.2,2.2685,2.31279
1,93.3,2.36631,2.48724
1,93.4,2.46411,2.66169
1,93.5,2.56192,2.83614
1,93.6,2.65973,3.0106
1,93.7,2.75754,3.18505
1,93.8,2.85535,3.3595
1,93.9,2.95316,3.53395
1,94,3.05097,3.7084
1,94.1,3.14878,3.88285
1,94.2,3.24659,4.0573
1,94.3,3.3444,4.23176
1,94.4,3.44221,4.40621
1,94.5,3.54002,4.58066
1,94.6,3.63783,4.75511
1,94.7,3.73564,4.92956
1,94.8,3.83345,4.89599
1,94.9,3.93126,4.72154
1,95,4.02907,4.54708
1,95.1,4.12688,4.37263
1,95.2,4.22469,4.19818
1,95.3,4.3225,4.02373
1,95.4,4.42031,3.84928
1,95.5,4.51812,3.67483
1,95.6,4.61593,3.50038
1,95.7,4.71374,3.32592
1,95.8,4.81154,3.15147
1,95.9,4.90935,2.97702
1,96,4.99284,2.80257
1,96.1,4.89503,2.62812
1,96.2,4.79722,2.45367
1,96.3,4.69941,2.27922
1,96.4,4.6016,2.10477
1,96.5,4.50379,1.93031
1,96.6,4.40598,1.75586
1,96.7,4.30817,1.58141
1,96.8,4.21036,1.40696
1,96.9,4.11255,1.23251
1,97,4.01474,1.05806
1,97.1,3.91693,0.883606
1,97.2,3.81912,0.709154
1,97.3,3.72131,0.534703
1,97.4,3.6235,0.360251
1,97.5,3.52569,0.1858
1,97.6,3.42788,0.0113486
1,97.7,3.33007,0.163103
1,97.8,3.23226,0.337554
1,97.9,3.13445,0.512006
1,98,3.03664,0.686457
1,98.1,2.93883,0.860908
1,98.2,2.84103,1.03536
1,98.3,2.74322,1.20981
1,98.4,2.64541,1.38426
1,98.5,2.5476,1.55871
1,98.6,2.44979,1.73317
1,98.7,2.35198,1.90762
1,98.8,2.25417,2.08207
1,98.9,2.15636,2.25652
1,99,2.05855,2.43097
1,99.1,1.96074,2.60542
1,99.2,1.86293,2.77987
1,99.3,1.76512,2.95432
1,99.4,1.66731,3.12878
1,99.5,1.5695,3.30323
1,99.6,1.47169,3.47768
1,99.7,1.37388,3.65213
1,99.8,1.27607,3.82658
1,99.9,1.17826,4.00103
1,100,1.08045,4.17548
1,100.1,0.982643,4.34994
1,100.2,0.884834,4.52439
1,100.3,0.787024,4.69884
1,100.4,0.689215,4.87329
1,100.5,0.591405,4.95226
1,100.6,0.493595,4.77781
1,100.7,0.395786,4.60336
1,100.8,0.297976,4.4289
1,100.9,0.200167,4.25445
1,101,0.102357,4.08
1,101.1,0.00454754,3.90555
1,101.2,0.093262,3.7311
1,101.3,0.191072,3.55665
1,101.4,0.288881,3.3822
1,101.5,0.386691,3.20774
1,101.6,0.4845,3.03329
1,101.7,0.58231,2.85884
1,101.8,0.68012,2.68439
1,101.9,0.777929,2.50994
1,102,0.875739,2.33549
1,102.1,0.973548,2.16104
1,102.2,1.07136,1.98658
1,102.3,1.16917,1.81213
1,102.4,1.26698,1.63768
1,102.5,1.36479,1.46323
1,102.6,1.4626,1.28878
1,102.7,1.56041,1.11433
1,102.8,1.65822,0.939877
1,102.9,1.75602,0.765425
1,103,1.85383,0.590974
1,103.1,1.95164,0.416522
1,103.2,2.04945,0.242071
1,103.3,2.14726,0.0676196
1,103.4,2.24507,0.106832
1,103.5,2.34288,0.281283
1,103.6,2.44069,0.455735
1,103.7,2.5385,0.630186
1,103.8,2.63631,0.804637
1,103.9,2.73412,0.979089
1,104,2.83193,1.15354
1,104.1,2.92974,1.32799
1,104.2,3.02755,1.50244
1,104.3,3.12536,1.67689
1,104.4,3.22317,1.85135
1,104.5,3.32098,2.0258
1,104.6,3.41879,2.20025
1,104.7,3.5166,2.3747
1,104.8,3.61441,2.54915
1,104.9,3.71222,2.7236
1,105,3.81003,2.89805
1,105.1,3.90784,3.07251
1,105.2,4.00565,3.24696
1,105.3,4.10345,3.42141
1,105.4,4.20126,3.59586
1,105.5,4.29907,3.77031
1,105.6,4.39688,3.94476
1,105.7,4.49469,4.11921
1,105.8,4.5925,4.29367
1,105.9,4.69031,4.46812
1,106,4.78812,4.64257
1,106.1,4.88593,4.81702
1,106.2,4.98374,4.99147
1,106.3,4.91845,4.83408
1,106.4,4.82064,4.65963
1,106.5,4.72283,4.48518
1,106.6,4.62502,4.31072
1,106.7,4.52721,4.13627
1,106.8,4.4294,3.96182
1,106.9,4.33159,3.78737
1,107,4.23378,3.61292
1,107.1,4.13597,3.43847
1,107.2,4.03816,3.26402
1,107.3,3.94035,3.08956
1,107.4,3.84254,2.91511
1,107.5,3.74473,2.74066
1,107.6,3.64692,2.56621
1,107.7,3.54912,2.39176
1,107.8,3.45131,2.21731
1,107.9,3.3535,2.04286
1,108,3.25569,1.8684
1,108.1,3.15788,1.69395
1,108.2,3.06007,1.5195
1,108.3,2.96226,1.34505
1,108.4,2.86445,1.1706
1,108.5,2.76664,0.996148
1,108.6,2.66883,0.821696
1,108.7,2.57102,0.647245
1,108.8,2.47321,0.472793
1,108.9,2.3754,0.298342
1,109,2.27759,0.123891
1,109.1,2.17978,0.0505607
1,109.2,2.08197,0.225012
1,109.3,1.98416,0.399463
1,109.4,1.88635,0.573915
1,109.5,1.78854,0.748366
1,109.6,1.69073,0.922818
1,109.7,1.59292,1.09727
1,109.8,1.49511,1.27172
1,109.9,1.3973,1.44617
1,110,1.29949,1.62062
1,110.1,1.20169,1.79507
1,110.2,1.10388,1.96953
1,110.3,1.00607,2.14398
1,110.4,0.908256,2.31843
1,110.5,0.810447,2.49288
1,110.6,0.712637,2.66733
1,110.7,0.614828,2.84178
1,110.8,0.517018,3.01623
1,110.9,0.419209,3.19069
1,111,0.321399,3.36514
1,111.1,0.223589,3.53959
1,111.2,0.12578,3.71404
1,111.3,0.0279703,3.88849
1,111.4,0.0698393,4.06294
1,111.5,0.167649,4.23739
1,111.6,0.265458,4.41185
1,111.7,0.363268,4.5863
1,111.8,0.461078,4.76075
1,111.9,0.558887,4.9352
1,112,0.656697,4.89035
1,112.1,0.754506,4.7159
1,112.2,0.852316,4.54145
1,112.3,0.950126,4.36699
1,112.4,1.04794,4.19254
1,112.5,1.14574,4.01809
1,112.6,1.24355,3.84364
1,112.7,1.34136,3.66919
1,112.8,1.43917,3.49474
1,112.9,1.53698,3.32029
1,113,1.63479,3.14584
1,113.1,1.7326,2.97138
1,113.2,1.83041,2.79693
1,113.3,1.92822,2.62248
1,113.4,2.02603,2.44803
1,113.5,2.12384,2.27358
1,113.6,2.22165,2.09913
1,113.7,2.31946,1.92468
1,113.8,2.41727,1.75022
1,113.9,2.51508,1.57577
1,114,2.61289,1.40132
1,114.1,2.7107,1.22687
1,114.2,2.80851,1.05242
1,114.3,2.90632,0.877967
1,114.4,3.00413,0.703516
1,114.5,3.10194,0.529064
1,114.6,3.19975,0.354613
1,114.7,3.29756,0.180162
1,114.8,3.39537,0.00571031
1,114.9,3.49317,0.168741
1,115,3.59098,0.343192
1,115.1,3.68879,0.517644
1,115.2,3.7866,0.692095
1,115.3,3.88441,0.866547
1,115.4,3.98222,1.041
1,115.5,4.08003,1.21545
1,115.6,4.17784,1.3899
1,115.7,4.27565,1.56435
1,115.8,4.37346,1.7388
1,115.9,4.47127,1.91325
1,116,4.56908,2.08771
1,116.1,4.66689,2.26216
1,116.2,4.7647,2.43661
1,116.3,4.86251,2.61106
1,116.4,4.96032,2.78551
1,116.5,4.94187,2.95996
1,116.6,4.84406,3.13441
1,116.7,4.74625,3.30887
1,116.8,4.64844,3.48332
1,116.9,4.55063,3.65777
1,117,4.45282,3.83222
1,117.1,4.35501,4.00667
1,117.2,4.2572,4.18112
1,117.3,4.1594,4.35557
1,117.4,4.06159,4.53003
1,117.5,3.96378,4.70448
1,117.6,3.86597,4.87893
1,117.7,3.76816,4.94662
1,117.8,3.67035,4.77217
1,117.9,3.57254,4.59772
1,118,3.47473,4.42327
1,118.1,3.37692,4.24881
1,118.2,3.27911,4.07436
1,118.3,3.1813,3.89991
1,118.4,3.08349,3.72546
1,118.5,2.98568,3.55101
1,118.6,2.88787,3.37656
1,118.7,2.79006,3.20211
1,118.8,2.69225,3.02765
1,118.9,2.59444,2.8532
1,119,2.49663,2.67875
1,119.1,2.39882,2.5043
1,119.2,2.30101,2.32985
1,119.3,2.2032,2.1554
1,119.4,2.10539,1.98095
1,119.5,2.00758,1.8065
1,119.6,1.90978,1.63204
1,119.7,1.81197,1.45759
1,119.8,1.71416,1.28314
1,119.9,1.61635,1.10869
1,120,1.51854,0.934238
1,120.1,1.42073,0.759787
1,120.2,1.32292,0.585336
1,120.3,1.22511,0.410884
1,120.4,1.1273,0.236433
1,120.5,1.02949,0.0619814
1,120.6,0.931679,0.11247
1,120.7,0.83387,0.286921
1,120.8,0.73606,0.461373
1,120.9,0.63825,0.635824
1,121,0.540441,0.810276
1,121.1,0.442631,0.984727
1,121.2,0.344822,1.15918
1,121.3,0.247012,1.33363
1,121.4,0.149203,1.50808
1,121.5,0.051393,1.68253
1,121.6,0.0464166,1.85698
1,121.7,0.144226,2.03144
1,121.8,0.242036,2.20589
1,121.9,0.339845,2.38034
1,122,0.437655,2.55479
1,122.1,0.535465,2.72924
1,122.2,0.633274,2.90369
1,122.3,0.731084,3.07814
1,122.4,0.828893,3.25259
1,122.5,0.926703,3.42705
1,122.6,1.02451,3.6015
1,122.7,1.12232,3.77595
1,122.8,1.22013,3.9504
1,122.9,1.31794,4.12485
1,123,1.41575,4.2993
1,123.1,1.51356,4.47375
1,123.2,1.61137,4.64821
1,123.3,1.70918,4.82266
1,123.4,1.80699,4.99711
1,123.5,1.9048,4.82844
1,123.6,2.00261,4.65399
1,123.7,2.10042,4.47954
1,123.8,2.19823,4.30509
1,123.9,2.29604,4.13063
1,124,2.39385,3.95618
1,124.1,2.49166,3.78173
1,124.2,2.58947,3.60728
1,124.3,2.68728,3.43283
1,124.4,2.78508,3.25838
1,124.5,2.88289,3.08393
1,124.6,2.9807,2.90947
1,124.7,3.07851,2.73502
1,124.8,3.17632,2.56057
1,124.9,3.27413,2.38612
1,125,3.37194,2.21167
1,125.1,3.46975,2.03722
1,125.2,3.56756,1.86277
1,125.3,3.66537,1.68831
1,125.4,3.76318,1.51386
1,125.5,3.86099,1.33941
1,125.6,3.9588,1.16496
1,125.7,4.05661,0.990509
1,125.8,4.15442,0.816058
1,125.9,4.25223,0.641607
1,126,4.35004,0.467155
1,126.1,4.44785,0.292704
1,126.2,4.54566,0.118252
1,126.3,4.64347,0.056199
1,126.4,4.74128,0.23065
1,126.5,4.83909,0.405102
1,126.6,4.9369,0.579553
1,126.7,4.96529,0.754005
1,126.8,4.86749,0.928456
1,126.9,4.76968,1.10291
1,127,4.67187,1.27736
1,127.1,4.57406,1.45181
1,127.2,4.47625,1.62626
1,127.3,4.37844,1.80071
1,127.4,4.28063,1.97516
1,127.5,4.18282,2.14962
1,127.6,4.08501,2.32407
1,127.7,3.9872,2.49852
1,127.8,3.88939,2.67297
1,127.9,3.79158,2.84742
1,128,3.69377,3.02187
1,128.1,3.59596,3.19632
1,128.2,3.49815,3.37078
1,128.3,3.40034,3.54523
1,128.4,3.30253,3.71968
1,128.5,3.20472,3.89413
1,128.6,3.10691,4.06858
1,128.7,3.0091,4.24303
1,128.8,2.91129,4.41748
1,128.9,2.81348,4.59194
1,129,2.71567,4.76639
1,129.1,2.61786,4.94084
1,129.2,2.52006,4.88471
1,129.3,2.42225,4.71026
1,129.4,2.32444,4.53581
1,129.5,2.22663,4.36136
1,129.6,2.12882,4.18691
1,129.7,2.03101,4.01245
1,129.8,1.9332,3.838
1,129.9,1.83539,3.66355
1,130,1.73758,3.4891
1,130.1,1.63977,3.31465
1,130.2,1.54196,3.1402
1,130.3,1.44415,2.96575
1,130.4,1.34634,2.79129
1,130.5,1.24853,2.61684
1,130.6,1.15072,2.44239
1,130.7,1.05291,2.26794
1,130.8,0.955102,2.09349
1,130.9,0.857292,1.91904
1,131,0.759483,1.74459
1,131.1,0.661673,1.57013
1,131.2,0.563864,1.39568
1,131.3,0.466054,1.22123
1,131.4,0.368244,1.04678
1,131.5,0.270435,0.872329
1,131.6,0.172625,0.697878
1,131.7,0.0748157,0.523426
1,131.8,0.0229939,0.348975
1,131.9,0.120803,0.174523
1,132,0.218613,7.20456e-05
1,132.1,0.316423,0.174379
1,132.2,0.414232,0.348831
1,132.3,0.512042,0.523282
1,132.4,0.609851,0.697733
1,132.5,0.707661,0.872185
1,132.6,0.805471,1.04664
1,132.7,0.90328,1.22109
1,132.8,1.00109,1.39554
1,132.9,1.0989,1.56999
1,133,1.19671,1.74444
1,133.1,1.29452,1.91889
1,133.2,1.39233,2.09334
1,133.3,1.49014,2.2678
1,133.4,1.58795,2.44225
1,133.5,1.68576,2.6167
1,133.6,1.78357,2.79115
1,133.7,1.88138,2.9656
1,133.8,1.97919,3.14005
1,133.9,2.077,3.3145
1,134,2.1748,3.48896
1,134.1,2.27261,3.66341
1,134.2,2.37042,3.83786
1,134.3,2.46823,4.01231
1,134.4,2.56604,4.18676
1,134.5,2.66385,4.36121
1,134.6,2.76166,4.53566
1,134.7,2.85947,4.71012
1,134.8,2.95728,4.88457
1,134.9,3.05509,4.94098
1,135,3.1529,4.76653
1,135.1,3.25071,4.59208
1,135.2,3.34852,4.41763
1,135.3,3.44633,4.24318
1,135.4,3.54414,4.06872
1,135.5,3.64195,3.89427
1,135.6,3.73976,3.71982
1,135.7,3.83757,3.54537
1,135.8,3.93538,3.37092
1,135.9,4.03319,3.19647
1,136,4.131,3.02202
1,136.1,4.22881,2.84757
1,136.2,4.32662,2.67311
1,136.3,4.42443,2.49866
1,136.4,4.52223,2.32421
1,136.5,4.62004,2.14976
1,136.6,4.71785,1.97531
1,136.7,4.81566,1.80086
1,136.8,4.91347,1.62641
1,136.9,4.98872,1.45195
1,137,4.89091,1.2775
1,137.1,4.7931,1.10305
1,137.2,4.69529,0.9286
1,137.3,4.59748,0.754149
1,137.4,4.49967,0.579697
1,137.5,4.40186,0.405246
1,137.6,4.30405,0.230794
1,137.7,4.20624,0.0563431
1,137.8,4.10843,0.118108
1,137.9,4.01062,0.29256
1,138,3.91281,0.467011
1,138.1,3.815,0.641462
1,138.2,3.71719,0.815914
1,138.3,3.61938,0.990365
1,138.4,3.52157,1.16482
1,138.5,3.42376,1.33927
1,138.6,3.32595,1.51372
1,138.7,3.22815,1.68817
1,138.8,3.13034,1.86262
1,138.9,3.03253,2.03707
1,139,2.93472,2.21152
1,139.1,2.83691,2.38598
1,139.2,2.7391,2.56043
1,139.3,2.64129,2.73488
1,139.4,2.54348,2.90933
1,139.5,2.44567,3.08378
1,139.6,2.34786,3.25823
1,139.7,2.25005,3.43268
1,139.8,2.15224,3.60714
1,139.9,2.05443,3.78159
1,140,1.95662,3.95604
1,140.1,1.85881,4.13049
1,140.2,1.761,4.30494
1,140.3,1.66319,4.47939
1,140.4,1.56538,4.65384
1,140.5,1.46757,4.8283
1,140.6,1.36976,4.99725
1,140.7,1.27195,4.8228
1,140.8,1.17414,4.64835
1,140.9,1.07633,4.4739
1,141,0.978525,4.29945
1,141.1,0.880715,4.125
1,141.2,0.782905,3.95054
1,141.3,0.685096,3.77609
1,141.4,0.587286,3.60164
1,141.5,0.489477,3.42719
1,141.6,0.391667,3.25274
1,141.7,0.293858,3.07829
1,141.8,0.196048,2.90384
1,141.9,0.0982384,2.72938
1,142,0.000428822,2.55493
1,142.1,0.0973808,2.38048
1,142.2,0.19519,2.20603
1,142.3,0.293,2.03158
1,142.4,0.39081,1.85713
1,142.5,0.488619,1.68268
1,142.6,0.586429,1.50823
1,142.7,0.684238,1.33377
1,142.8,0.782048,1.15932
1,142.9,0.879857,0.984871
1,143,0.977667,0.81042
1,143.1,1.07548,0.635968
1,143.2,1.17329,0.461517
1,143.3,1.2711,0.287066
1,143.4,1.36891,0.112614
1,143.5,1.46671,0.0618373
1,143.6,1.56452,0.236289
1,143.7,1.66233,0.41074
1,143.8,1.76014,0.585191
1,143.9,1.85795,0.759643
1,144,1.95576,0.934094
1,144.1,2.05357,1.10855
1,144.2,2.15138,1.283
1,144.3,2.24919,1.45745
1,144.4,2.347,1.6319
1,144.5,2.44481,1.80635
1,144.6,2.54262,1.9808
1,144.7,2.64043,2.15525
1,144.8,2.73824,2.32971
1,144.9,2.83605,2.50416
1,145,2.93386,2.67861
1,145.1,3.03167,2.85306
1,145.2,3.12948,3.02751
1,145.3,3.22729,3.20196
1,145.4,3.3251,3.37641
1,145.5,3.42291,3.55086
1,145.6,3.52072,3.72532
1,145.7,3.61853,3.89977
1,145.8,3.71634,4.07422
1,145.9,3.81414,4.24867
1,146,3.91195,4.42312
1,146.1,4.00976,4.59757
1,146.2,4.10757,4.77202
1,146.3,4.20538,4.94648
1,146.4,4.30319,4.87907
1,146.5,4.401,4.70462
1,146.6,4.49881,4.53017
1,146.7,4.59662,4.35572
1,146.8,4.69443,4.18127
1,146.9,4.79224,4.00682
1,147,4.89005,3.83236
1,147.1,4.98786,3.65791
1,147.2,4.91433,3.48346
1,147.3,4.81652,3.30901
1,147.4,4.71871,3.13456
1,147.5,4.6209,2.96011
1,147.6,4.52309,2.78566
1,147.7,4.42528,2.6112
1,147.8,4.32747,2.43675
1,147.9,4.22966,2.2623
1,148,4.13185,2.08785
1,148.1,4.03404,1.9134
1,148.2,3.93623,1.73895
1,148.3,3.83843,1.5645
1,148.4,3.74062,1.39004
1,148.5,3.64281,1.21559
1,148.6,3.545,1.04114
1,148.7,3.44719,0.866691
1,148.8,3.34938,0.692239
1,148.9,3.25157,0.517788
1,149,3.15376,0.343337
1,149.1,3.05595,0.168885
1,149.2,2.95814,0.00556622
1,149.3,2.86033,0.180018
1,149.4,2.76252,0.354469
1,149.5,2.66471,0.52892
1,149.6,2.5669,0.703372
1,149.7,2.46909,0.877823
1,149.8,2.37128,1.05227
1,149.9,2.27347,1.22673
1,150,2.17566,1.40118
1,150.1,2.07785,1.57563
1,150.2,1.98004,1.75008
1,150.3,1.88223,1.92453
1,150.4,1.78442,2.09898
1,150.5,1.68661,2.27343
1,150.6,1.5888,2.44789
1,150.7,1.491,2.62234
1,150.8,1.39319,2.79679
1,150.9,1.29538,2.97124
1,151,1.19757,3.14569
1,151.1,1.09976,3.32014
1,151.2,1.00195,3.49459
1,151.3,0.904138,3.66905
1,151.4,0.806328,3.8435
1,151.5,0.708519,4.01795
1,151.6,0.610709,4.1924
1,151.7,0.512899,4.36685
1,151.8,0.41509,4.5413
1,151.9,0.31728,4.71575
1,152,0.219471,4.89021
1,152.1,0.121661,4.93534
1,152.2,0.0238515,4.76089
1,152.3,0.073958,4.58644
1,152.4,0.171768,4.41199
1,152.5,0.269577,4.23754
1,152.6,0.367387,4.06309
1,152.7,0.465196,3.88864
1,152.8,0.563006,3.71418
1,152.9,0.660816,3.53973
1,153,0.758625,3.36528
1,153.1,0.856435,3.19083
1,153.2,0.954244,3.01638
1,153.3,1.05205,2.84193
1,153.4,1.14986,2.66748
1,153.5,1.24767,2.49302
1,153.6,1.34548,2.31857
1,153.7,1.44329,2.14412
1,153.8,1.5411,1.96967
1,153.9,1.63891,1.79522
1,154,1.73672,1.62077
1,154.1,1.83453,1.44632
1,154.2,1.93234,1.27186
1,154.3,2.03015,1.09741
1,154.4,2.12796,0.922962
1,154.5,2.22577,0.74851
1,154.6,2.32358,0.574059
1,154.7,2.42139,0.399608
1,154.8,2.5192,0.225156
1,154.9,2.61701,0.0507048
1,155,2.71482,0.123747
1,155.1,2.81263,0.298198
1,155.2,2.91044,0.472649
1,155.3,3.00825,0.647101
1,155.4,3.10606,0.821552
1,155.5,3.20386,0.996003
1,155.6,3.30167,1.17045
1,155.7,3.39948,1.34491
1,155.8,3.49729,1.51936
1,155.9,3.5951,1.69381
1,156,3.69291,1.86826
1,156.1,3.79072,2.04271
1,156.2,3.88853,2.21716
1,156.3,3.98634,2.39161
1,156.4,4.08415,2.56607
1,156.5,4.18196,2.74052
1,156.6,4.27977,2.91497
1,156.7,4.37758,3.08942
1,156.8,4.47539,3.26387
1,156.9,4.5732,3.43832
1,157,4.67101,3.61277
1,157.1,4.76882,3.78723
1,157.2,4.86663,3.96168
1,157.3,4.96444,4.13613
1,157.4,4.93775,4.31058
1,157.5,4.83994,4.48503
1,157.6,4.74213,4.65948
1,157.7,4.64432,4.83393
1,157.8,4.54651,4.99161
1,157.9,4.44871,4.81716
1,158,4.3509,4.64271
1,158.1,4.25309,4.46826
1,158.2,4.15528,4.29381
1,158.3,4.05747,4.11936
1,158.4,3.95966,3.94491
1,158.5,3.86185,3.77045
1,158.6,3.76404,3.596
1,158.7,3.66623,3.42155
1,158.8,3.56842,3.2471
1,158.9,3.47061,3.07265
1,159,3.3728,2.8982
1,159.1,3.27499,2.72375
1,159.2,3.17718,2.5493
1,159.3,3.07937,2.37484
1,159.4,2.98156,2.20039
1,159.5,2.88375,2.02594
1,159.6,2.78594,1.85149
1,159.7,2.68813,1.67704
1,159.8,2.59032,1.50259
1,159.9,2.49251,1.32814
1,160,2.3947,1.15368
1,160.1,2.29689,0.979233
1,160.2,2.19909,0.804781
1,160.3,2.10128,0.63033
1,160.4,2.00347,0.455879
1,160.5,1.90566,0.281427
1,160.6,1.80785,0.106976
1,160.7,1.71004,0.0674755
1,160.8,1.61223,0.241927
1,160.9,1.51442,0.416378
1,161,1.41661,0.59083
1,161.1,1.3188,0.765281
1,161.2,1.22099,0.939732
1,161.3,1.12318,1.11418
1,161.4,1.02537,1.28864
1,161.5,0.92756,1.46309
1,161.6,0.829751,1.63754
1,161.7,0.731941,1.81199
1,161.8,0.634132,1.98644
1,161.9,0.536322,2.16089
1,162,0.438513,2.33534
1,162.1,0.340703,2.50979
1,162.2,0.242893,2.68425
1,162.3,0.145084,2.8587
1,162.4,0.0472743,3.03315
1,162.5,0.0505353,3.2076
1,162.6,0.148345,3.38205
1,162.7,0.246154,3.5565
1,162.8,0.343964,3.73095
1,162.9,0.441774,3.90541
1,163,0.539583,4.07986
1,163.1,0.637393,4.25431
1,163.2,0.735202,4.42876
1,163.3,0.833012,4.60321
1,163.4,0.930822,4.77766
1,163.5,1.02863,4.95211
1,163.6,1.12644,4.87343
1,163.7,1.22425,4.69898
1,163.8,1.32206,4.52453
1,163.9,1.41987,4.35008
1,164,1.51768,4.17563
1,164.1,1.61549,4.00118
1,164.2,1.7133,3.82673
1,164.3,1.81111,3.65227
1,164.4,1.90892,3.47782
1,164.5,2.00673,3.30337
1,164.6,2.10454,3.12892
1,164.7,2.20235,2.95447
1,164.8,2.30016,2.78002
1,164.9,2.39797,2.60557
1,165,2.49577,2.43111
1,165.1,2.59358,2.25666
1,165.2,2.69139,2.08221
1,165.3,2.7892,1.90776
1,165.4,2.88701,1.73331
1,165.5,2.98482,1.55886
1,165.6,3.08263,1.38441
1,165.7,3.18044,1.20996
1,165.8,3.27825,1.0355
1,165.9,3.37606,0.861052
1,166,3.47387,0.686601
1,166.1,3.57168,0.51215
1,166.2,3.66949,0.337698
1,166.3,3.7673,0.163247
1,166.4,3.86511,0.0112045
1,166.5,3.96292,0.185656
1,166.6,4.06073,0.360107
1,166.7,4.15854,0.534559
1,166.8,4.25635,0.70901
1,166.9,4.35416,0.883461
1,167,4.45197,1.05791
1,167.1,4.54978,1.23236
1,167.2,4.64759,1.40682
1,167.3,4.7454,1.58127
1,167.4,4.8432,1.75572
1,167.5,4.94101,1.93017
1,167.6,4.96118,2.10462
1,167.7,4.86337,2.27907
1,167.8,4.76556,2.45352
1,167.9,4.66775,2.62798
1,168,4.56994,2.80243
1,168.1,4.47213,2.97688
1,168.2,4.37432,3.15133
1,168.3,4.27651,3.32578
1,168.4,4.1787,3.50023
1,168.5,4.08089,3.67468
1,168.6,3.98308,3.84913
1,168.7,3.88527,4.02359
1,168.8,3.78746,4.19804
1,168.9,3.68965,4.37249
1,169,3.59184,4.54694
1,169.1,3.49403,4.72139
1,169.2,3.39622,4.89584
1,169.3,3.29841,4.92971
1,169.4,3.2006,4.75525
1,169.5,3.10279,4.5808
1,169.6,3.00498,4.40635
1,169.7,2.90717,4.2319
1,169.8,2.80937,4.05745
1,169.9,2.71156,3.883
1,170,2.61375,3.70855
1,170.1,2.51594,3.53409
1,170.2,2.41813,3.35964
1,170.3,2.32032,3.18519
1,170.4,2.22251,3.01074
1,170.5,2.1247,2.83629
1,170.6,2.02689,2.66184
1,170.7,1.92908,2.48739
1,170.8,1.83127,2.31293
1,170.9,1.73346,2.13848
1,171,1.63565,1.96403
1,171.1,1.53784,1.78958
1,171.2,1.44003,1.61513
1,171.3,1.34222,1.44068
1,171.4,1.24441,1.26623
1,171.5,1.1466,1.09177
1,171.6,1.04879,0.917323
1,171.7,0.950983,0.742872
1,171.8,0.853174,0.568421
1,171.9,0.755364,0.393969
1,172,0.657554,0.219518
1,172.1,0.559745,0.0450666
1,172.2,0.461935,0.129385
1,172.3,0.364126,0.303836
1,172.4,0.266316,0.478288
1,172.5,0.168507,0.652739
1,172.6,0.070697,0.82719
1,172.7,0.0271126,1.00164
1,172.8,0.124922,1.17609
1,172.9,0.222732,1.35054
1,173,0.320541,1.525
1,173.1,0.418351,1.69945
1,173.2,0.516161,1.8739
1,173.3,0.61397,2.04835
1,173.4,0.71178,2.2228
1,173.5,0.809589,2.39725
1,173.6,0.907399,2.5717
1,173.7,1.00521,2.74616
1,173.8,1.10302,2.92061
1,173.9,1.20083,3.09506
1,174,1.29864,3.26951
1,174.1,1.39645,3.44396
1,174.2,1.49426,3.61841
1,174.3,1.59207,3.79286
1,174.4,1.68988,3.96732
1,174.5,1.78769,4.14177
1,174.6,1.88549,4.31622
1,174.7,1.9833,4.49067
1,174.8,2.08111,4.66512
1,174.9,2.17892,4.83957
1,175,2.27673,4.98598
1,175.1,2.37454,4.81152
1,175.2,2.47235,4.63707
1,175.3,2.57016,4.46262
1,175.4,2.66797,4.28817
1,175.5,2.76578,4.11372
1,175.6,2.86359,3.93927
1,175.7,2.9614,3.76482
1,175.8,3.05921,3.59037
1,175.9,3.15702,3.41591
1,176,3.25483,3.24146
1,176.1,3.35264,3.06701
1,176.2,3.45045,2.89256
1,176.3,3.54826,2.71811
1,176.4,3.64607,2.54366
1,176.5,3.74388,2.36921
1,176.6,3.84169,2.19475
1,176.7,3.9395,2.0203
1,176.8,4.03731,1.84585
1,176.9,4.13512,1.6714
1,177,4.23292,1.49695
1,177.1,4.33073,1.3225
1,177.2,4.42854,1.14805
1,177.3,4.52635,0.973595
1,177.4,4.62416,0.799143
1,177.5,4.72197,0.624692
1,177.6,4.81978,0.45024
1,177.7,4.91759,0.275789
1,177.8,4.9846,0.101338
1,177.9,4.88679,0.0731138
1,178,4.78898,0.247565
1,178.1,4.69117,0.422017
1,178.2,4.59336,0.596468
1,178.3,4.49555,0.770919
1,178.4,4.39774,0.945371
1,178.5,4.29993,1.11982
1,178.6,4.20212,1.29427
1,178.7,4.10431,1.46872
1,178.8,4.0065,1.64318
1,178.9,3.90869,1.81763
1,179,3.81088,1.99208
1,179.1,3.71307,2.16653
1,179.2,3.61526,2.34098
1,179.3,3.51746,2.51543
1,179.4,3.41965,2.68988
1,179.5,3.32184,2.86434
1,179.6,3.22403,3.03879
1,179.7,3.12622,3.21324
1,179.8,3.02841,3.38769
1,179.9,2.9306,3.56214
1,180,2.83279,3.73659
1,180.1,2.73498,3.91104
1,180.2,2.63717,4.0855
1,180.3,2.53936,4.25995
1,180.4,2.44155,4.4344
1,180.5,2.34374,4.60885
1,180.6,2.24593,4.7833
1,180.7,2.14812,4.95775
1,180.8,2.05031,4.8678
1,180.9,1.9525,4.69334
1,181,1.85469,4.51889
1,181.1,1.75688,4.34444
1,181.2,1.65907,4.16999
1,181.3,1.56126,3.99554
1,181.4,1.46345,3.82109
1,181.5,1.36564,3.64664
1,181.6,1.26783,3.47218
1,181.7,1.17003,3.29773
1,181.8,1.07222,3.12328
1,181.9,0.974406,2.94883
1,182,0.876596,2.77438
1,182.1,0.778787,2.59993
1,182.2,0.680977,2.42548
1,182.3,0.583168,2.25103
1,182.4,0.485358,2.07657
1,182.5,0.387548,1.90212
1,182.6,0.289739,1.72767
1,182.7,0.191929,1.55322
1,182.8,0.0941197,1.37877
1,182.9,0.00368989,1.20432
1,183,0.101499,1.02987
1,183.1,0.199309,0.855414
1,183.2,0.297119,0.680963
1,183.3,0.394928,0.506511
1,183.4,0.492738,0.33206
1,183.5,0.590547,0.157609
1,183.6,0.688357,0.0168428
1,183.7,0.786167,0.191294
1,183.8,0.883976,0.365746
1,183.9,0.981786,0.540197
1,184,1.0796,0.714648
1,184.1,1.1774,0.8891
1,184.2,1.27521,1.06355
1,184.3,1.37302,1.238
1,184.4,1.47083,1.41245
1,184.5,1.56864,1.58691
1,184.6,1.66645,1.76136
1,184.7,1.76426,1.93581
1,184.8,1.86207,2.11026
1,184.9,1.95988,2.28471
1,185,2.05769,2.45916
1,185.1,2.1555,2.63361
1,185.2,2.25331,2.80806
1,185.3,2.35112,2.98252
1,185.4,2.44893,3.15697
1,185.5,2.54674,3.33142
1,185.6,2.64455,3.50587
1,185.7,2.74236,3.68032
1,185.8,2.84017,3.85477
1,185.9,2.93798,4.02922
1,186,3.03579,4.20368
1,186.1,3.1336,4.37813
1,186.2,3.23141,4.55258
1,186.3,3.32922,4.72703
1,186.4,3.42703,4.90148
1,186.5,3.52483,4.92407
1,186.6,3.62264,4.74962
1,186.7,3.72045,4.57516
1,186.8,3.81826,4.40071
1,186.9,3.91607,4.22626
1,187,4.01388,4.05181
1,187.1,4.11169,3.87736
1,187.2,4.2095,3.70291
1,187.3,4.30731,3.52846
1,187.4,4.40512,3.354
1,187.5,4.50293,3.17955
1,187.6,4.60074,3.0051
1,187.7,4.69855,2.83065
1,187.8,4.79636,2.6562
1,187.9,4.89417,2.48175
1,188,4.99198,2.3073
1,188.1,4.91021,2.13284
1,188.2,4.8124,1.95839
1,188.3,4.71459,1.78394
1,188.4,4.61678,1.60949
1,188.5,4.51897,1.43504
1,188.6,4.42116,1.26059
1,188.7,4.32335,1.08614
1,188.8,4.22554,0.911685
1,188.9,4.12774,0.737234
1,189,4.02993,0.562782
1,189.1,3.93212,0.388331
1,189.2,3.83431,0.21388
1,189.3,3.7365,0.0394283
1,189.4,3.63869,0.135023
1,189.5,3.54088,0.309474
1,189.6,3.44307,0.483926
1,189.7,3.34526,0.658377
1,189.8,3.24745,0.832829
1,189.9,3.14964,1.00728
1,190,3.05183,1.18173
1,190.1,2.95402,1.35618
1,190.2,2.85621,1.53063
1,190.3,2.7584,1.70509
1,190.4,2.66059,1.87954
1,190.5,2.56278,2.05399
1,190.6,2.46497,2.22844
1,190.7,2.36716,2.40289
1,190.8,2.26935,2.57734
1,190.9,2.17154,2.75179
1,191,2.07373,2.92625
1,191.1,1.97592,3.1007
1,191.2,1.87811,3.27515
1,191.3,1.78031,3.4496
1,191.4,1.6825,3.62405
1,191.5,1.58469,3.7985
1,191.6,1.48688,3.97295
1,191.7,1.38907,4.1474
1,191.8,1.29126,4.32186
1,191.9,1.19345,4.49631
1,192,1.09564,4.67076
1,192.1,0.997829,4.84521
1,192.2,0.900019,4.98034
1,192.3,0.802209,4.80589
1,192.4,0.7044,4.63144
1,192.5,0.60659,4.45698
1,192.6,0.508781,4.28253
1,192.7,0.410971,4.10808
1,192.8,0.313162,3.93363
1,192.9,0.215352,3.75918
1,193,0.117542,3.58473
1,193.1,0.0197328,3.41028
1,193.2,0.0780768,3.23582
1,193.3,0.175886,3.06137
1,193.4,0.273696,2.88692
1,193.5,0.371506,2.71247
1,193.6,0.469315,2.53802
1,193.7,0.567125,2.36357
1,193.8,0.664934,2.18912
1,193.9,0.762744,2.01466
1,194,0.860553,1.84021
1,194.1,0.958363,1.66576
1,194.2,1.05617,1.49131
1,194.3,1.15398,1.31686
1,194.4,1.25179,1.14241
1,194.5,1.3496,0.967956
1,194.6,1.44741,0.793505
1,194.7,1.54522,0.619053
1,194.8,1.64303,0.444602
1,194.9,1.74084,0.270151
1,195,1.83865,0.0956993
1,195.1,1.93646,0.0787521
1,195.2,2.03427,0.253203
1,195.3,2.13208,0.427655
1,195.4,2.22989,0.602106
1,195.5,2.3277,0.776558
1,195.6,2.42551,0.951009
1,195.7,2.52332,1.12546
1,195.8,2.62113,1.29991
1,195.9,2.71894,1.47436
1,196,2.81675,1.64881
1,196.1,2.91455,1.82327
1,196.2,3.01236,1.99772
1,196.3,3.11017,2.17217
1,196.4,3.20798,2.34662
1,196.5,3.30579,2.52107
1,196.6,3.4036,2.69552
1,196.7,3.50141,2.86997
1,196.8,3.59922,3.04443
1,196.9,3.69703,3.21888
1,197,3.79484,3.39333
1,197.1,3.89265,3.56778
1,197.2,3.99046,3.74223
1,197.3,4.08827,3.91668
1,197.4,4.18608,4.09113
1,197.5,4.28389,4.26559
1,197.6,4.3817,4.44004
1,197.7,4.47951,4.61449
1,197.8,4.57732,4.78894
1,197.9,4.67513,4.96339
1,198,4.77294,4.86216
1,198.1,4.87075,4.68771
1,198.2,4.96856,4.51325
1,198.3,4.93363,4.3388
1,198.4,4.83583,4.16435
1,198.5,4.73802,3.9899
1,198.6,4.64021,3.81545
1,198.7,4.5424,3.641
1,198.8,4.44459,3.46655
1,198.9,4.34678,3.2921
1,199,4.24897,3.11764
1,199.1,4.15116,2.94319
1,199.2,4.05335,2.76874
1,199.3,3.95554,2.59429
1,199.4,3.85773,2.41984
1,199.5,3.75992,2.24539
1,199.6,3.66211,2.07094
1,199.7,3.5643,1.89648
1,199.8,3.46649,1.72203
1,199.9,3.36868,1.54758
1,200,3.27087,1.37313
1,200.1,3.17306,1.19868
1,200.2,3.07525,1.02423
1,200.3,2.97744,0.849776
1,200.4,2.87963,0.675325
1,200.5,2.78182,0.500873
1,200.6,2.68401,0.326422
1,200.7,2.5862,0.15197
1,200.8,2.4884,0.022481
1,200.9,2.39059,0.196932
1,201,2.29278,0.371384
1,201.1,2.19497,0.545835
1,201.2,2.09716,0.720287
1,201.3,1.99935,0.894738
1,201.4,1.90154,1.06919
1,201.5,1.80373,1.24364
1,201.6,1.70592,1.41809
1,201.7,1.60811,1.59254
1,201.8,1.5103,1.76699
1,201.9,1.41249,1.94145
1,202,1.31468,2.1159
1,202.1,1.21687,2.29035
1,202.2,1.11906,2.4648
1,202.3,1.02125,2.63925
1,202.4,0.923442,2.8137
1,202.5,0.825632,2.98815
1,202.6,0.727823,3.16261
1,202.7,0.630013,3.33706
1,202.8,0.532203,3.51151
1,202.9,0.434394,3.68596
1,203,0.336584,3.86041
1,203.1,0.238775,4.03486
1,203.2,0.140965,4.20931
1,203.3,0.0431555,4.38377
1,203.4,0.054654,4.55822
1,203.5,0.152464,4.73267
1,203.6,0.250273,4.90712
1,203.7,0.348083,4.91843
1,203.8,0.445892,4.74398
1,203.9,0.543702,4.56953
1,204,0.641512,4.39507
1,204.1,0.739321,4.22062
1,204.2,0.837131,4.04617
1,204.3,0.93494,3.87172
1,204.4,1.03275,3.69727
1,204.5,1.13056,3.52282
1,204.6,1.22837,3.34837
1,204.7,1.32618,3.17391
1,204.8,1.42399,2.99946
1,204.9,1.5218,2.82501
1,205,1.61961,2.65056
1,205.1,1.71742,2.47611
1,205.2,1.81523,2.30166
1,205.3,1.91304,2.12721
1,205.4,2.01085,1.95276
1,205.5,2.10866,1.7783
1,205.6,2.20646,1.60385
1,205.7,2.30427,1.4294
1,205.8,2.40208,1.25495
1,205.9,2.49989,1.0805
1,206,2.5977,0.906047
1,206.1,2.69551,0.731596
1,206.2,2.79332,0.557144
1,206.3,2.89113,0.382693
1,206.4,2.98894,0.208241
1,206.5,3.08675,0.03379
1,206.6,3.18456,0.140661
1,206.7,3.28237,0.315113
1,206.8,3.38018,0.489564
1,206.9,3.47799,0.664016
1,207,3.5758,0.838467
1,207.1,3.67361,1.01292
1,207.2,3.77142,1.18737
1,207.3,3.86923,1.36182
1,207.4,3.96704,1.53627
1,207.5,4.06485,1.71072
1,207.6,4.16266,1.88518
1,207.7,4.26047,2.05963
1,207.8,4.35828,2.23408
1,207.9,4.45609,2.40853
1,208,4.55389,2.58298
1,208.1,4.6517,2.75743
1,208.2,4.74951,2.93188
1,208.3,4.84732,3.10633
1,208.4,4.94513,3.28079
1,208.5,4.95706,3.45524
1,208.6,4.85925,3.62969
1,208.7,4.76144,3.80414
1,208.8,4.66363,3.97859
1,208.9,4.56582,4.15304
1,209,4.46801,4.32749
1,209.1,4.3702,4.50195
1,209.2,4.27239,4.6764
1,209.3,4.17458,4.85085
1,209.4,4.07677,4.9747
1,209.5,3.97896,4.80025
1,209.6,3.88115,4.6258
1,209.7,3.78334,4.45135
1,209.8,3.68553,4.27689
1,209.9,3.58772,4.10244
1,210,3.48991,3.92799
1,210.1,3.3921,3.75354
1,210.2,3.29429,3.57909
1,210.3,3.19648,3.40464
1,210.4,3.09868,3.23019
1,210.5,3.00087,3.05573
1,210.6,2.90306,2.88128
1,210.7,2.80525,2.70683
1,210.8,2.70744,2.53238
1,210.9,2.60963,2.35793
1,211,2.51182,2.18348
1,211.1,2.41401,2.00903
1,211.2,2.3162,1.83457
1,211.3,2.21839,1.66012
1,211.4,2.12058,1.48567
1,211.5,2.02277,1.31122
1,211.6,1.92496,1.13677
1,211.7,1.82715,0.962318
1,211.8,1.72934,0.787867
1,211.9,1.63153,0.613415
1,212,1.53372,0.438964
1,212.1,1.43591,0.264512
1,212.2,1.3381,0.0900611
1,212.3,1.24029,0.0843903
1,212.4,1.14248,0.258842
1,212.5,1.04467,0.433293
1,212.6,0.946864,0.607744
1,212.7,0.849055,0.782196
1,212.8,0.751245,0.956647
1,212.9,0.653436,1.1311
1,213,0.555626,1.30555
1,213.1,0.457817,1.48
1,213.2,0.360007,1.65445
1,213.3,0.262197,1.8289
1,213.4,0.164388,2.00336
1,213.5,0.0665783,2.17781
1,213.6,0.0312313,2.35226
1,213.7,0.129041,2.52671
1,213.8,0.22685,2.70116
1,213.9,0.32466,2.87561
1,214,0.42247,3.05006
1,214.1,0.520279,3.22452
1,214.2,0.618089,3.39897
1,214.3,0.715898,3.57342
1,214.4,0.813708,3.74787
1,214.5,0.911518,3.92232
1,214.6,1.00933,4.09677
1,214.7,1.10714,4.27122
1,214.8,1.20495,4.44567
1,214.9,1.30276,4.62013
1,215,1.40057,4.79458
1,215.1,1.49838,4.96903
1,215.2,1.59618,4.85652
1,215.3,1.69399,4.68207
1,215.4,1.7918,4.50762
1,215.5,1.88961,4.33317
1,215.6,1.98742,4.15871
1,215.7,2.08523,3.98426
1,215.8,2.18304,3.80981
1,215.9,2.28085,3.63536
1,216,2.37866,3.46091
1,216.1,2.47647,3.28646
1,216.2,2.57428,3.11201
1,216.3,2.67209,2.93755
1,216.4,2.7699,2.7631
1,216.5,2.86771,2.58865
1,216.6,2.96552,2.4142
1,216.7,3.06333,2.23975
1,216.8,3.16114,2.0653
1,216.9,3.25895,1.89085
1,217,3.35676,1.71639
1,217.1,3.45457,1.54194
1,217.2,3.55238,1.36749
1,217.3,3.65019,1.19304
1,217.4,3.748,1.01859
1,217.5,3.8458,0.844138
1,217.6,3.94361,0.669686
1,217.7,4.04142,0.495235
1,217.8,4.13923,0.320783
1,217.9,4.23704,0.146332
1,218,4.33485,0.0281193
1,218.1,4.43266,0.202571
1,218.2,4.53047,0.377022
1,218.3,4.62828,0.551473
1,218.4,4.72609,0.725925
1,218.5,4.8239,0.900376
1,218.6,4.92171,1.07483
1,218.7,4.98048,1.24928
1,218.8,4.88267,1.42373
1,218.9,4.78486,1.59818
1,219,4.68705,1.77263
1,219.1,4.58924,1.94708
1,219.2,4.49143,2.12154
1,219.3,4.39362,2.29599
1,219.4,4.29581,2.47044
1,219.5,4.198,2.64489
1,219.6,4.10019,2.81934
1,219.7,4.00238,2.99379
1,219.8,3.90457,3.16824
1,219.9,3.80677,3.3427
1,220,3.70896,3.51715
1,220.1,3.61115,3.6916
1,220.2,3.51334,3.86605
1,220.3,3.41553,4.0405
1,220.4,3.31772,4.21495
1,220.5,3.21991,4.3894
1,220.6,3.1221,4.56386
1,220.7,3.02429,4.73831
1,220.8,2.92648,4.91276
1,220.9,2.82867,4.91279
1,221,2.73086,4.73834
1,221.1,2.63305,4.56389
1,221.2,2.53524,4.38944
1,221.3,2.43743,4.21498
1,221.4,2.33962,4.04053
1,221.5,2.24181,3.86608
1,221.6,2.144,3.69163
1,221.7,2.04619,3.51718
1,221.8,1.94838,3.34273
1,221.9,1.85057,3.16828
1,222,1.75276,2.99383
1,222.1,1.65495,2.81937
1,222.2,1.55714,2.64492
1,222.3,1.45934,2.47047
1,222.4,1.36153,2.29602
1,222.5,1.26372,2.12157
1,222.6,1.16591,1.94712
1,222.7,1.0681,1.77267
1,222.8,0.970287,1.59821
1,222.9,0.872478,1.42376
1,223,0.774668,1.24931
1,223.1,0.676858,1.07486
1,223.2,0.579049,0.900409
1,223.3,0.481239,0.725957
1,223.4,0.38343,0.551506
1,223.5,0.28562,0.377055
1,223.6,0.187811,0.202603
1,223.7,0.090001,0.0281518
1,223.8,0.00780861,0.1463
1,223.9,0.105618,0.320751
1,224,0.203428,0.495202
1,224.1,0.301237,0.669654
1,224.2,0.399047,0.844105
1,224.3,0.496857,1.01856
1,224.4,0.594666,1.19301
1,224.5,0.692476,1.36746
1,224.6,0.790285,1.54191
1,224.7,0.888095,1.71636
1,224.8,0.985904,1.89081
1,224.9,1.08371,2.06526
1,225,1.18152,2.23972
1,225.1,1.27933,2.41417
1,225.2,1.37714,2.58862
1,225.3,1.47495,2.76307
1,225.4,1.57276,2.93752
1,225.5,1.67057,3.11197
1,225.6,1.76838,3.28642
1,225.7,1.86619,3.46088
1,225.8,1.964,3.63533
1,225.9,2.06181,3.80978
1,226,2.15962,3.98423
1,226.1,2.25743,4.15868
1,226.2,2.35524,4.33313
1,226.3,2.45305,4.50758
1,226.4,2.55086,4.68204
1,226.5,2.64867,4.85649
1,226.6,2.74648,4.96906
1,226.7,2.84429,4.79461
1,226.8,2.9421,4.62016
1,226.9,3.03991,4.44571
1,227,3.13772,4.27126
1,227.1,3.23552,4.0968
1,227.2,3.33333,3.92235
1,227.3,3.43114,3.7479
1,227.4,3.52895,3.57345
1,227.5,3.62676,3.399
1,227.6,3.72457,3.22455
1,227.7,3.82238,3.0501
1,227.8,3.92019,2.87564
1,227.9,4.018,2.70119
1,228,4.11581,2.52674
1,228.1,4.21362,2.35229
1,228.2,4.31143,2.17784
1,228.3,4.40924,2.00339
1,228.4,4.50705,1.82894
1,228.5,4.60486,1.65449
1,228.6,4.70267,1.48003
1,228.7,4.80048,1.30558
1,228.8,4.89829,1.13113
1,228.9,4.9961,0.95668
1,229,4.90609,0.782228
1,229.1,4.80828,0.607777
1,229.2,4.71047,0.433326
1,229.3,4.61266,0.258874
1,229.4,4.51485,0.0844228
1,229.5,4.41705,0.0900286
1,229.6,4.31924,0.26448
1,229.7,4.22143,0.438931
1,229.8,4.12362,0.613383
1,229.9,4.02581,0.787834
1,230,3.928,0.962286
1,230.1,3.83019,1.13674
1,230.2,3.73238,1.31119
1,230.3,3.63457,1.48564
1,230.4,3.53676,1.66009
1,230.5,3.43895,1.83454
1,230.6,3.34114,2.00899
1,230.7,3.24333,2.18345
1,230.8,3.14552,2.3579
1,230.9,3.04771,2.53235
1,231,2.9499,2.7068
1,231.1,2.85209,2.88125
1,231.2,2.75428,3.0557
1,231.3,2.65647,3.23015
1,231.4,2.55866,3.4046
1,231.5,2.46085,3.57906
1,231.6,2.36304,3.75351
1,231.7,2.26523,3.92796
1,231.8,2.16742,4.10241
1,231.9,2.06962,4.27686
1,232,1.97181,4.45131
1,232.1,1.874,4.62576
1,232.2,1.77619,4.80022
1,232.3,1.67838,4.97467
1,232.4,1.58057,4.85088
1,232.5,1.48276,4.67643
1,232.6,1.38495,4.50198
1,232.7,1.28714,4.32753
1,232.8,1.18933,4.15308
1,232.9,1.09152,3.97862
1,233,0.99371,3.80417
1,233.1,0.8959,3.62972
1,233.2,0.798091,3.45527
1,233.3,0.700281,3.28082
1,233.4,0.602472,3.10637
1,233.5,0.504662,2.93192
1,233.6,0.406852,2.75746
1,233.7,0.309043,2.58301
1,233.8,0.211233,2.40856
1,233.9,0.113424,2.23411
1,234,0.0156141,2.05966
1,234.1,0.0821955,1.88521
1,234.2,0.180005,1.71076
1,234.3,0.277815,1.5363
1,234.4,0.375624,1.36185
1,234.5,0.473434,1.1874
1,234.6,0.571243,1.01295
1,234.7,0.669053,0.838499
1,234.8,0.766863,0.664048
1,234.9,0.864672,0.489597
1,235,0.962482,0.315145
1,235.1,1.06029,0.140694
1,235.2,1.1581,0.0337576
1,235.3,1.25591,0.208209
1,235.4,1.35372,0.38266
1,235.5,1.45153,0.557112
1,235.6,1.54934,0.731563
1,235.7,1.64715,0.906014
1,235.8,1.74496,1.08047
1,235.9,1.84277,1.25492
1,236,1.94058,1.42937
1,236.1,2.03839,1.60382
1,236.2,2.1362,1.77827
1,236.3,2.23401,1.95272
1,236.4,2.33182,2.12717
1,236.5,2.42963,2.30163
1,236.6,2.52744,2.47608
1,236.7,2.62524,2.65053
1,236.8,2.72305,2.82498
1,236.9,2.82086,2.99943
1,237,2.91867,3.17388
1,237.1,3.01648,3.34833
1,237.2,3.11429,3.52279
1,237.3,3.2121,3.69724
1,237.4,3.30991,3.87169
1,237.5,3.40772,4.04614
1,237.6,3.50553,4.22059
1,237.7,3.60334,4.39504
1,237.8,3.70115,4.56949
1,237.9,3.79896,4.74394
1,238,3.89677,4.9184
1,238.1,3.99458,4.90715
1,238.2,4.09239,4.7327
1,238.3,4.1902,4.55825
1,238.4,4.28801,4.3838
1,238.5,4.38582,4.20935
1,238.6,4.48363,4.0349
1,238.7,4.58144,3.86044
1,238.8,4.67925,3.68599
1,238.9,4.77706,3.51154
1,239,4.87486,3.33709
1,239.1,4.97267,3.16264
1,239.2,4.92952,2.98819
1,239.3,4.83171,2.81374
1,239.4,4.7339,2.63928
1,239.5,4.63609,2.46483
1,239.6,4.53828,2.29038
1,239.7,4.44047,2.11593
1,239.8,4.34266,1.94148
1,239.9,4.24485,1.76703
1,240,4.14704,1.59258
1,240.1,4.04923,1.41812
1,240.2,3.95142,1.24367
1,240.3,3.85361,1.06922
1,240.4,3.7558,0.89477
1,240.5,3.65799,0.720319
1,240.6,3.56018,0.545868
1,240.7,3.46237,0.371416
1,240.8,3.36456,0.196965
1,240.9,3.26675,0.0225135
1,241,3.16894,0.151938
1,241.1,3.07113,0.326389
1,241.2,2.97332,0.500841
1,241.3,2.87551,0.675292
1,241.4,2.77771,0.849743
1,241.5,2.6799,1.02419
1,241.6,2.58209,1.19865
1,241.7,2.48428,1.3731
1,241.8,2.38647,1.54755
1,241.9,2.28866,1.722
1,242,2.19085,1.89645
1,242.1,2.09304,2.0709
1,242.2,1.99523,2.24535
1,242.3,1.89742,2.41981
1,242.4,1.79961,2.59426
1,242.5,1.7018,2.76871
1,242.6,1.60399,2.94316
1,242.7,1.50618,3.11761
1,242.8,1.40837,3.29206
1,242.9,1.31056,3.46651
1,243,1.21275,3.64097
1,243.1,1.11494,3.81542
1,243.2,1.01713,3.98987
1,243.3,0.919323,4.16432
1,243.4,0.821513,4.33877
1,243.5,0.723704,4.51322
1,243.6,0.625894,4.68767
1,243.7,0.528085,4.86213
1,243.8,0.430275,4.96342
1,243.9,0.332466,4.78897
1,244,0.234656,4.61452
1,244.1,0.136846,4.44007
1,244.2,0.0390368,4.26562
1,244.3,0.0587728,4.09117
1,244.4,0.156582,3.91672
1,244.5,0.254392,3.74226
1,244.6,0.352202,3.56781
1,244.7,0.450011,3.39336
1,244.8,0.547821,3.21891
1,244.9,0.64563,3.04446
1,245,0.74344,2.87001
1,245.1,0.841249,2.69556
1,245.2,0.939059,2.5211
1,245.3,1.03687,2.34665
1,245.4,1.13468,2.1722
1,245.5,1.23249,1.99775
1,245.6,1.3303,1.8233
1,245.7,1.42811,1.64885
1,245.8,1.52592,1.4744
1,245.9,1.62373,1.29994
1,246,1.72154,1.12549
1,246.1,1.81935,0.951041
1,246.2,1.91715,0.77659
1,246.3,2.01496,0.602139
1,246.4,2.11277,0.427687
1,246.5,2.21058,0.253236
1,246.6,2.30839,0.0787845
1,246.7,2.4062,0.0956669
1,246.8,2.50401,0.270118
1,246.9,2.60182,0.44457
1,247,2.69963,0.619021
1,247.1,2.79744,0.793472
1,247.2,2.89525,0.967924
1,247.3,2.99306,1.14238
1,247.4,3.09087,1.31683
1,247.5,3.18868,1.49128
1,247.6,3.28649,1.66573
1,247.7,3.3843,1.84018
1,247.8,3.48211,2.01463
1,247.9,3.57992,2.18908
1,248,3.67773,2.36353
1,248.1,3.77554,2.53799
1,248.2,3.87335,2.71244
1,248.3,3.97116,2.88689
1,248.4,4.06897,3.06134
1,248.5,4.16678,3.23579
1,248.6,4.26458,3.41024
1,248.7,4.36239,3.58469
1,248.8,4.4602,3.75915
1,248.9,4.55801,3.9336
1,249,4.65582,4.10805
1,249.1,4.75363,4.2825
1,249.2,4.85144,4.45695
1,249.3,4.94925,4.6314
1,249.4,4.95294,4.80585
1,249.5,4.85513,4.98031
1,249.6,4.75732,4.84524
1,249.7,4.65951,4.67079
1,249.8,4.5617,4.49634
1,249.9,4.46389,4.32189
1,250,4.36608,4.14744
1,250.1,4.26827,3.97299
1,250.2,4.17046,3.79853
1,250.3,4.07265,3.62408
1,250.4,3.97484,3.44963
1,250.5,3.87703,3.27518
1,250.6,3.77922,3.10073
1,250.7,3.68141,2.92628
1,250.8,3.5836,2.75183
1,250.9,3.48579,2.57737
1,251,3.38799,2.40292
1,251.1,3.29018,2.22847
1,251.2,3.19237,2.05402
1,251.3,3.09456,1.87957
1,251.4,2.99675,1.70512
1,251.5,2.89894,1.53067
1,251.6,2.80113,1.35622
1,251.7,2.70332,1.18176
1,251.8,2.60551,1.00731
1,251.9,2.5077,0.832861
1,252,2.40989,0.65841
1,252.1,2.31208,0.483958
1,252.2,2.21427,0.309507
1,252.3,2.11646,0.135056
1,252.4,2.01865,0.0393958
1,252.5,1.92084,0.213847
1,252.6,1.82303,0.388299
1,252.7,1.72522,0.56275
1,252.8,1.62741,0.737201
1,252.9,1.5296,0.911653
1,253,1.43179,1.0861
1,253.1,1.33398,1.26056
1,253.2,1.23617,1.43501
1,253.3,1.13836,1.60946
1,253.4,1.04056,1.78391
1,253.5,0.942746,1.95836
1,253.6,0.844936,2.13281
1,253.7,0.747127,2.30726
1,253.8,0.649317,2.48172
1,253.9,0.551507,2.65617
1,254,0.453698,2.83062
1,254.1,0.355888,3.00507
1,254.2,0.258079,3.17952
1,254.3,0.160269,3.35397
1,254.4,0.0624595,3.52842
1,254.5,0.03535,3.70287
1,254.6,0.13316,3.87733
1,254.7,0.230969,4.05178
1,254.8,0.328779,4.22623
1,254.9,0.426588,4.40068
1,255,0.524398,4.57513
1,255.1,0.622208,4.74958
1,255.2,0.720017,4.92403
1,255.3,0.817827,4.90151
1,255.4,0.915636,4.72706
1,255.5,1.01345,4.55261
1,255.6,1.11126,4.37816
1,255.7,1.20907,4.20371
1,255.8,1.30687,4.02926
1,255.9,1.40468,3.85481
1,256,1.50249,3.68035
1,256.1,1.6003,3.5059
1,256.2,1.69811,3.33145
1,256.3,1.79592,3.157
1,256.4,1.89373,2.98255
1,256.5,1.99154,2.8081
1,256.6,2.08935,2.63365
1,256.7,2.18716,2.45919
1,256.8,2.28497,2.28474
1,256.9,2.38278,2.11029
1,257,2.48059,1.93584
1,257.1,2.5784,1.76139
1,257.2,2.67621,1.58694
1,257.3,2.77402,1.41249
1,257.4,2.87183,1.23803
1,257.5,2.96964,1.06358
1,257.6,3.06745,0.889132
1,257.7,3.16526,0.714681
1,257.8,3.26307,0.540229
1,257.9,3.36088,0.365778
1,258,3.45869,0.191327
1,258.1,3.55649,0.0168752
1,258.2,3.6543,0.157576
1,258.3,3.75211,0.332028
1,258.4,3.84992,0.506479
1,258.5,3.94773,0.68093
1,258.6,4.04554,0.855382
1,258.7,4.14335,1.02983
1,258.8,4.24116,1.20428
1,258.9,4.33897,1.37874
1,259,4.43678,1.55319
1,259.1,4.53459,1.72764
1,259.2,4.6324,1.90209
1,259.3,4.73021,2.07654
1,259.4,4.82802,2.25099
1,259.5,4.92583,2.42544
1,259.6,4.97636,2.5999
1,259.7,4.87855,2.77435
1,259.8,4.78074,2.9488
1,259.9,4.68293,3.12325
1,260,4.58512,3.2977
1,260.1,4.48731,3.47215
1,260.2,4.3895,3.6466
1,260.3,4.29169,3.82106
1,260.4,4.19388,3.99551
1,260.5,4.09608,4.16996
1,260.6,3.99827,4.34441
1,260.7,3.90046,4.51886
1,260.8,3.80265,4.69331
1,260.9,3.70484,4.86776
1,261,3.60703,4.95779
1,261.1,3.50922,4.78333
1,261.2,3.41141,4.60888
1,261.3,3.3136,4.43443
1,261.4,3.21579,4.25998
1,261.5,3.11798,4.08553
1,261.6,3.02017,3.91108
1,261.7,2.92236,3.73663
1,261.8,2.82455,3.56217
1,261.9,2.72674,3.38772
1,262,2.62893,3.21327
1,262.1,2.53112,3.03882
1,262.2,2.43331,2.86437
1,262.3,2.3355,2.68992
1,262.4,2.23769,2.51547
1,262.5,2.13988,2.34101
1,262.6,2.04207,2.16656
1,262.7,1.94426,1.99211
1,262.8,1.84645,1.81766
1,262.9,1.74865,1.64321
1,263,1.65084,1.46876
1,263.1,1.55303,1.29431
1,263.2,1.45522,1.11985
1,263.3,1.35741,0.945403
1,263.4,1.2596,0.770952
1,263.5,1.16179,0.5965
1,263.6,1.06398,0.422049
1,263.7,0.966168,0.247598
1,263.8,0.868359,0.0731463
1,263.9,0.770549,0.101305
1,264,0.67274,0.275757
1,264.1,0.57493,0.450208
1,264.2,0.477121,0.624659
1,264.3,0.379311,0.799111
1,264.4,0.281501,0.973562
1,264.5,0.183692,1.14801
1,264.6,0.0858823,1.32246
1,264.7,0.0119273,1.49692
1,264.8,0.109737,1.67137
1,264.9,0.207546,1.84582
1,265,0.305356,2.02027
1,265.1,0.403166,2.19472
1,265.2,0.500975,2.36917
1,265.3,0.598785,2.54362
1,265.4,0.696594,2.71808
1,265.5,0.794404,2.89253
1,265.6,0.892214,3.06698
1,265.7,0.990023,3.24143
1,265.8,1.08783,3.41588
1,265.9,1.18564,3.59033
1,266,1.28345,3.76478
1,266.1,1.38126,3.93924
1,266.2,1.47907,4.11369
1,266.3,1.57688,4.28814
1,266.4,1.67469,4.46259
1,266.5,1.7725,4.63704
1,266.6,1.87031,4.81149
1,266.7,1.96812,4.98594
1,266.8,2.06593,4.8396
1,266.9,2.16374,4.66515
1,267,2.26155,4.4907
1,267.1,2.35936,4.31625
1,267.2,2.45717,4.1418
1,267.3,2.55498,3.96735
1,267.4,2.65279,3.7929
1,267.5,2.7506,3.61845
1,267.6,2.84841,3.44399
1,267.7,2.94621,3.26954
1,267.8,3.04402,3.09509
1,267.9,3.14183,2.92064
1,268,3.23964,2.74619
1,268.1,3.33745,2.57174
1,268.2,3.43526,2.39729
1,268.3,3.53307,2.22283
1,268.4,3.63088,2.04838
1,268.5,3.72869,1.87393
1,268.6,3.8265,1.69948
1,268.7,3.92431,1.52503
1,268.8,4.02212,1.35058
1,268.9,4.11993,1.17613
1,269,4.21774,1.00167
1,269.1,4.31555,0.827223
1,269.2,4.41336,0.652771
1,269.3,4.51117,0.47832
1,269.4,4.60898,0.303869
1,269.5,4.70679,0.129417
1,269.6,4.8046,0.0450341
1,269.7,4.90241,0.219485
1,269.8,4.99978,0.393937
1,269.9,4.90197,0.568388
1,270,4.80416,0.74284
1,270.1,4.70636,0.917291
1,270.2,4.60855,1.09174
1,270.3,4.51074,1.26619
1,270.4,4.41293,1.44065
1,270.5,4.31512,1.6151
1,270.6,4.21731,1.78955
1,270.7,4.1195,1.964
1,270.8,4.02169,2.13845
1,270.9,3.92388,2.3129
1,271,3.82607,2.48735
1,271.1,3.72826,2.6618
1,271.2,3.63045,2.83626
1,271.3,3.53264,3.01071
1,271.4,3.43483,3.18516
1,271.5,3.33702,3.35961
1,271.6,3.23921,3.53406
1,271.7,3.1414,3.70851
1,271.8,3.04359,3.88296
1,271.9,2.94578,4.05742
1,272,2.84797,4.23187
1,272.1,2.75016,4.40632
1,272.2,2.65235,4.58077
1,272.3,2.55454,4.75522
1,272.4,2.45673,4.92967
1,272.5,2.35893,4.89588
1,272.6,2.26112,4.72142
1,272.7,2.16331,4.54697
1,272.8,2.0655,4.37252
1,272.9,1.96769,4.19807
1,273,1.86988,4.02362
1,273.1,1.77207,3.84917
1,273.2,1.67426,3.67472
1,273.3,1.57645,3.50026
1,273.4,1.47864,3.32581
1,273.5,1.38083,3.15136
1,273.6,1.28302,2.97691
1,273.7,1.18521,2.80246
1,273.8,1.0874,2.62801
1,273.9,0.989591,2.45356
1,274,0.891782,2.2791
1,274.1,0.793972,2.10465
1,274.2,0.696162,1.9302
1,274.3,0.598353,1.75575
1,274.4,0.500543,1.5813
1,274.5,0.402734,1.40685
1,274.6,0.304924,1.2324
1,274.7,0.207115,1.05795
1,274.8,0.109305,0.883494
1,274.9,0.0114954,0.709042
1,275,0.0863142,0.534591
1,275.1,0.184124,0.36014
1,275.2,0.281933,0.185688
1,275.3,0.379743,0.011237
1,275.4,0.477553,0.163214
1,275.5,0.575362,0.337666
1,275.6,0.673172,0.512117
1,275.7,0.770981,0.686569
1,275.8,0.868791,0.86102
1,275.9,0.9666,1.03547
1,276,1.06441,1.20992
1,276.1,1.16222,1.38437
1,276.2,1.26003,1.55883
1,276.3,1.35784,1.73328
1,276.4,1.45565,1.90773
1,276.5,1.55346,2.08218
1,276.6,1.65127,2.25663
1,276.7,1.74908,2.43108
1,276.8,1.84689,2.60553
1,276.9,1.9447,2.77999
1,277,2.04251,2.95444
1,277.1,2.14032,3.12889
1,277.2,2.23812,3.30334
1,277.3,2.33593,3.47779
1,277.4,2.43374,3.65224
1,277.5,2.53155,3.82669
1,277.6,2.62936,4.00114
1,277.7,2.72717,4.1756
1,277.8,2.82498,4.35005
1,277.9,2.92279,4.5245
1,278,3.0206,4.69895
1,278.1,3.11841,4.8734
1,278.2,3.21622,4.95215
1,278.3,3.31403,4.7777
1,278.4,3.41184,4.60324
1,278.5,3.50965,4.42879
1,278.6,3.60746,4.25434
1,278.7,3.70527,4.07989
1,278.8,3.80308,3.90544
1,278.9,3.90089,3.73099
1,279,3.9987,3.55654
1,279.1,4.09651,3.38208
1,279.2,4.19432,3.20763
1,279.3,4.29213,3.03318
1,279.4,4.38994,2.85873
1,279.5,4.48775,2.68428
1,279.6,4.58555,2.50983
1,279.7,4.68336,2.33538
1,279.8,4.78117,2.16092
1,279.9,4.87898,1.98647
1,280,4.97679,1.81202
1,280.1,4.9254,1.63757
1,280.2,4.82759,1.46312
1,280.3,4.72978,1.28867
1,280.4,4.63197,1.11422
1,280.5,4.53416,0.939765
1,280.6,4.43635,0.765314
1,280.7,4.33854,0.590862
1,280.8,4.24073,0.416411
1,280.9,4.14292,0.241959
1,281,4.04511,0.067508
1,281.1,3.9473,0.106943
1,281.2,3.84949,0.281395
1,281.3,3.75168,0.455846
1,281.4,3.65387,0.630298
1,281.5,3.55606,0.804749
1,281.6,3.45825,0.9792
1,281.7,3.36044,1.15365
1,281.8,3.26263,1.3281
1,281.9,3.16482,1.50255
1,282,3.06702,1.67701
1,282.1,2.96921,1.85146
1,282.2,2.8714,2.02591
1,282.3,2.77359,2.20036
1,282.4,2.67578,2.37481
1,282.5,2.57797,2.54926
1,282.6,2.48016,2.72371
1,282.7,2.38235,2.89817
1,282.8,2.28454,3.07262
1,282.9,2.18673,3.24707
1,283,2.08892,3.42152
1,283.1,1.99111,3.59597
1,283.2,1.8933,3.77042
1,283.3,1.79549,3.94487
1,283.4,1.69768,4.11933
1,283.5,1.59987,4.29378
1,283.6,1.50206,4.46823
1,283.7,1.40425,4.64268
1,283.8,1.30644,4.81713
1,283.9,1.20863,4.99158
1,284,1.11082,4.83397
1,284.1,1.01301,4.65952
1,284.2,0.915204,4.48506
1,284.3,0.817395,4.31061
1,284.4,0.719585,4.13616
1,284.5,0.621776,3.96171
1,284.6,0.523966,3.78726
1,284.7,0.426156,3.61281
1,284.8,0.328347,3.43836
1,284.9,0.230537,3.2639
1,285,0.132728,3.08945
1,285.1,0.0349181,2.915
1,285.2,0.0628915,2.74055
1,285.3,0.160701,2.5661
1,285.4,0.258511,2.39165
1,285.5,0.35632,2.2172
1,285.6,0.45413,2.04274
1,285.7,0.551939,1.86829
1,285.8,0.649749,1.69384
1,285.9,0.747559,1.51939
1,286,0.845368,1.34494
1,286.1,0.943178,1.17049
1,286.2,1.04099,0.996036
1,286.3,1.1388,0.821585
1,286.4,1.23661,0.647133
1,286.5,1.33442,0.472682
1,286.6,1.43223,0.29823
1,286.7,1.53004,0.123779
1,286.8,1.62784,0.0506724
1,286.9,1.72565,0.225124
1,287,1.82346,0.399575
1,287.1,1.92127,0.574027
1,287.2,2.01908,0.748478
1,287.3,2.11689,0.922929
1,287.4,2.2147,1.09738
1,287.5,2.31251,1.27183
1,287.6,2.41032,1.44628
1,287.7,2.50813,1.62073
1,287.8,2.60594,1.79519
1,287.9,2.70375,1.96964
1,288,2.80156,2.14409
1,288.1,2.89937,2.31854
1,288.2,2.99718,2.49299
1,288.3,3.09499,2.66744
1,288.4,3.1928,2.84189
1,288.5,3.29061,3.01635
1,288.6,3.38842,3.1908
1,288.7,3.48623,3.36525
1,288.8,3.58404,3.5397
1,288.9,3.68185,3.71415
1,289,3.77966,3.8886
1,289.1,3.87747,4.06305
1,289.2,3.97527,4.23751
1,289.3,4.07308,4.41196
1,289.4,4.17089,4.58641
1,289.5,4.2687,4.76086
1,289.6,4.36651,4.93531
1,289.7,4.46432,4.89024
1,289.8,4.56213,4.71579
1,289.9,4.65994,4.54133
1,290,4.75775,4.36688
1,290.1,4.85556,4.19243
1,290.2,4.95337,4.01798
1,290.3,4.94882,3.84353
1,290.4,4.85101,3.66908
1,290.5,4.7532,3.49463
1,290.6,4.65539,3.32018
1,290.7,4.55758,3.14572
1,290.8,4.45977,2.97127
1,290.9,4.36196,2.79682
1,291,4.26415,2.62237
1,291.1,4.16634,2.44792
1,291.2,4.06853,2.27347
1,291.3,3.97072,2.09902
1,291.4,3.87291,1.92456
1,291.5,3.7751,1.75011
1,291.6,3.6773,1.57566
1,291.7,3.57949,1.40121
1,291.8,3.48168,1.22676
1,291.9,3.38387,1.05231
1,292,3.28606,0.877856
1,292.1,3.18825,0.703404
1,292.2,3.09044,0.528953
1,292.3,2.99263,0.354501
1,292.4,2.89482,0.18005
1,292.5,2.79701,0.00559869
1,292.6,2.6992,0.168853
1,292.7,2.60139,0.343304
1,292.8,2.50358,0.517755
1,292.9,2.40577,0.692207
1,293,2.30796,0.866658
1,293.1,2.21015,1.04111
1,293.2,2.11234,1.21556
1,293.3,2.01453,1.39001
1,293.4,1.91672,1.56446
1,293.5,1.81891,1.73892
1,293.6,1.7211,1.91337
1,293.7,1.62329,2.08782
1,293.8,1.52548,2.26227
1,293.9,1.42767,2.43672
1,294,1.32987,2.61117
1,294.1,1.23206,2.78562
1,294.2,1.13425,2.96007
1,294.3,1.03644,3.13453
1,294.4,0.938627,3.30898
1,294.5,0.840817,3.48343
1,294.6,0.743008,3.65788
1,294.7,0.645198,3.83233
1,294.8,0.547389,4.00678
1,294.9,0.449579,4.18123
1,295,0.35177,4.35569
1,295.1,0.25396,4.53014
1,295.2,0.15615,4.70459
1,295.3,0.0583408,4.87904
1,295.4,0.0394688,4.94651
1,295.5,0.137278,4.77206
1,295.6,0.235088,4.59761
1,295.7,0.332898,4.42315
1,295.8,0.430707,4.2487
1,295.9,0.528517,4.07425
1,296,0.626326,3.8998
1,296.1,0.724136,3.72535
1,296.2,0.821945,3.5509
1,296.3,0.919755,3.37645
1,296.4,1.01756,3.20199
1,296.5,1.11537,3.02754
1,296.6,1.21318,2.85309
1,296.7,1.31099,2.67864
1,296.8,1.4088,2.50419
1,296.9,1.50661,2.32974
1,297,1.60442,2.15529
1,297.1,1.70223,1.98083
1,297.2,1.80004,1.80638
1,297.3,1.89785,1.63193
1,297.4,1.99566,1.45748
1,297.5,2.09347,1.28303
1,297.6,2.19128,1.10858
1,297.7,2.28909,0.934127
1,297.8,2.3869,0.759675
1,297.9,2.48471,0.585224
1,298,2.58252,0.410772
1,298.1,2.68033,0.236321
1,298.2,2.77814,0.0618697
1,298.3,2.87595,0.112582
1,298.4,2.97376,0.287033
1,298.5,3.07157,0.461484
1,298.6,3.16938,0.635936
1,298.7,3.26718,0.810387
1,298.8,3.36499,0.984839
1,298.9,3.4628,1.15929
1,299,3.56061,1.33374
1,299.1,3.65842,1.50819
1,299.2,3.75623,1.68264
1,299.3,3.85404,1.8571
1,299.4,3.95185,2.03155
1,299.5,4.04966,2.206
1,299.6,4.14747,2.38045
1,299.7,4.24528,2.5549
1,299.8,4.34309,2.72935
1,299.9,4.4409,2.9038
1,300,4.53871,3.07826
