1,0.1,1.13442,0.232288
1,0.2,1.15887,0.188675
1,0.3,1.18332,0.145062
1,0.4,1.20778,0.101449
1,0.5,1.23223,0.0578364
1,0.6,1.25668,0.0142235
1,0.7,1.28113,0.0293893
1,0.8,1.30559,0.0730022
1,0.9,1.33004,0.116615
1,1,1.35449,0.160228
1,1.1,1.37894,0.203841
1,1.2,1.40339,0.247454
1,1.3,1.42785,0.291066
1,1.4,1.4523,0.334679
1,1.5,1.47675,0.378292
1,1.6,1.5012,0.421905
1,1.7,1.52566,0.465518
1,1.8,1.55011,0.509131
1,1.9,1.57456,0.552743
1,2,1.59901,0.596356
1,2.1,1.62347,0.639969
1,2.2,1.64792,0.683582
1,2.3,1.67237,0.727195
1,2.4,1.69682,0.770808
1,2.5,1.72128,0.814421
1,2.6,1.74573,0.858033
1,2.7,1.77018,0.901646
1,2.8,1.79463,0.945259
1,2.9,1.81909,0.988872
1,3,1.84354,1.03248
1,3.1,1.86799,1.0761
1,3.2,1.89244,1.11971
1,3.3,1.91689,1.16332
1,3.4,1.94135,1.20694
1,3.5,1.9658,1.25055
1,3.6,1.99025,1.29416
1,3.7,2.0147,1.33777
1,3.8,2.03916,1.38139
1,3.9,2.06361,1.425
1,4,2.08806,1.46861
1,4.1,2.11251,1.51223
1,4.2,2.13697,1.55584
1,4.3,2.16142,1.59945
1,4.4,2.18587,1.64306
1,4.5,2.21032,1.68668
1,4.6,2.23478,1.73029
1,4.7,2.25923,1.7739
1,4.8,2.28368,1.81752
1,4.9,2.30813,1.86113
1,5,2.33259,1.90474
1,5.1,2.35704,1.94835
1,5.2,2.38149,1.99197
1,5.3,2.40594,2.03558
1,5.4,2.4304,2.07919
1,5.5,2.45485,2.12281
1,5.6,2.4793,2.16642
1,5.7,2.50375,2.21003
1,5.8,2.5282,2.25364
1,5.9,2.55266,2.29726
1,6,2.57711,2.34087
1,6.1,2.60156,2.38448
1,6.2,2.62601,2.4281
1,6.3,2.65047,2.47171
1,6.4,2.67492,2.51532
1,6.5,2.69937,2.55893
1,6.6,2.72382,2.60255
1,6.7,2.74828,2.64616
1,6.8,2.77273,2.68977
1,6.9,2.79718,2.73339
1,7,2.82163,2.777
1,7.1,2.84609,2.82061
1,7.2,2.87054,2.86422
1,7.3,2.89499,2.90784
1,7.4,2.91944,2.95145
1,7.5,2.9439,2.99506
1,7.6,2.96835,3.03868
1,7.7,2.9928,3.08229
1,7.8,3.01725,3.1259
1,7.9,3.04171,3.16951
1,8,3.06616,3.21313
1,8.1,3.09061,3.25674
1,8.2,3.11506,3.30035
1,8.3,3.13951,3.34397
1,8.4,3.16397,3.38758
1,8.5,3.18842,3.43119
1,8.6,3.21287,3.4748
1,8.7,3.23732,3.51842
1,8.8,3.26178,3.56203
1,8.9,3.28623,3.60564
1,9,3.31068,3.64926
1,9.1,3.33513,3.69287
1,9.2,3.35959,3.73648
1,9.3,3.38404,3.78009
1,9.4,3.40849,3.82371
1,9.5,3.43294,3.86732
1,9.6,3.4574,3.91093
1,9.7,3.48185,3.95455
1,9.8,3.5063,3.99816
1,9.9,3.53075,4.04177
1,10,3.55521,4.08538
1,10.1,3.57966,4.129
1,10.2,3.60411,4.17261
1,10.3,3.62856,4.21622
1,10.4,3.65301,4.25984
1,10.5,3.67747,4.30345
1,10.6,3.70192,4.34706
1,10.7,3.72637,4.39067
1,10.8,3.75082,4.43429
1,10.9,3.77528,4.4779
1,11,3.79973,4.52151
1,11.1,3.82418,4.56513
1,11.2,3.84863,4.60874
1,11.3,3.87309,4.65235
1,11.4,3.89754,4.69596
1,11.5,3.92199,4.73958
1,11.6,3.94644,4.78319
1,11.7,3.9709,4.8268
1,11.8,3.99535,4.87042
1,11.9,4.0198,4.91403
1,12,4.04425,4.95764
1,12.1,4.06871,4.99875
1,12.2,4.09316,4.95513
1,12.3,4.11761,4.91152
1,12.4,4.14206,4.86791
1,12.5,4.16652,4.82429
1,12.6,4.19097,4.78068
1,12.7,4.21542,4.73707
1,12.8,4.23987,4.69346
1,12.9,4.26432,4.64984
1,13,4.28878,4.60623
1,13.1,4.31323,4.56262
1,13.2,4.33768,4.519
1,13.3,4.36213,4.47539
1,13.4,4.38659,4.43178
1,13.5,4.41104,4.38817
1,13.6,4.43549,4.34455
1,13.7,4.45994,4.30094
1,13.8,4.4844,4.25733
1,13.9,4.50885,4.21371
1,14,4.5333,4.1701
1,14.1,4.55775,4.12649
1,14.2,4.58221,4.08288
1,14.3,4.60666,4.03926
1,14.4,4.63111,3.99565
1,14.5,4.65556,3.95204
1,14.6,4.68002,3.90843
1,14.7,4.70447,3.86481
1,14.8,4.72892,3.8212
1,14.9,4.75337,3.77759
1,15,4.77783,3.73397
1,15.1,4.80228,3.69036
1,15.2,4.82673,3.64675
1,15.3,4.85118,3.60314
1,15.4,4.87563,3.55952
1,15.5,4.90009,3.51591
1,15.6,4.92454,3.4723
1,15.7,4.94899,3.42868
1,15.8,4.97344,3.38507
1,15.9,4.9979,3.34146
1,16,4.97765,3.29785
1,16.1,4.9532,3.25423
1,16.2,4.92875,3.21062
1,16.3,4.90429,3.16701
1,16.4,4.87984,3.12339
1,16.5,4.85539,3.07978
1,16.6,4.83094,3.03617
1,16.7,4.80648,2.99256
1,16.8,4.78203,2.94894
1,16.9,4.75758,2.90533
1,17,4.73313,2.86172
1,17.1,4.70867,2.8181
1,17.2,4.68422,2.77449
1,17.3,4.65977,2.73088
1,17.4,4.63532,2.68727
1,17.5,4.61086,2.64365
1,17.6,4.58641,2.60004
1,17.7,4.56196,2.55643
1,17.8,4.53751,2.51281
1,17.9,4.51306,2.4692
1,18,4.4886,2.42559
1,18.1,4.46415,2.38198
1,18.2,4.4397,2.33836
1,18.3,4.41525,2.29475
1,18.4,4.39079,2.25114
1,18.5,4.36634,2.20752
1,18.6,4.34189,2.16391
1,18.7,4.31744,2.1203
1,18.8,4.29298,2.07669
1,18.9,4.26853,2.03307
1,19,4.24408,1.98946
1,19.1,4.21963,1.94585
1,19.2,4.19517,1.90223
1,19.3,4.17072,1.85862
1,19.4,4.14627,1.81501
1,19.5,4.12182,1.7714
1,19.6,4.09736,1.72778
1,19.7,4.07291,1.68417
1,19.8,4.04846,1.64056
1,19.9,4.02401,1.59694
1,20,3.99956,1.55333
1,20.1,3.9751,1.50972
1,20.2,3.95065,1.46611
1,20.3,3.9262,1.42249
1,20.4,3.90175,1.37888
1,20.5,3.87729,1.33527
1,20.6,3.85284,1.29165
1,20.7,3.82839,1.24804
1,20.8,3.80394,1.20443
1,20.9,3.77948,1.16082
1,21,3.75503,1.1172
1,21.1,3.73058,1.07359
1,21.2,3.70613,1.02998
1,21.3,3.68167,0.986364
1,21.4,3.65722,0.942751
1,21.5,3.63277,0.899139
1,21.6,3.60832,0.855526
1,21.7,3.58386,0.811913
1,21.8,3.55941,0.7683
1,21.9,3.53496,0.724687
1,22,3.51051,0.681074
1,22.1,3.48605,0.637462
1,22.2,3.4616,0.593849
1,22.3,3.43715,0.550236
1,22.4,3.4127,0.506623
1,22.5,3.38825,0.46301
1,22.6,3.36379,0.419397
1,22.7,3.33934,0.375784
1,22.8,3.31489,0.332172
1,22.9,3.29044,0.288559
1,23,3.26598,0.244946
1,23.1,3.24153,0.201333
1,23.2,3.21708,0.15772
1,23.3,3.19263,0.114107
1,23.4,3.16817,0.0704946
1,23.5,3.14372,0.0268817
1,23.6,3.11927,0.0167311
1,23.7,3.09482,0.060344
1,23.8,3.07036,0.103957
1,23.9,3.04591,0.14757
1,24,3.02146,0.191183
1,24.1,2.99701,0.234795
1,24.2,2.97255,0.278408
1,24.3,2.9481,0.322021
1,24.4,2.92365,0.365634
1,24.5,2.8992,0.409247
1,24.6,2.87474,0.45286
1,24.7,2.85029,0.496472
1,24.8,2.82584,0.540085
1,24.9,2.80139,0.583698
1,25,2.77694,0.627311
1,25.1,2.75248,0.670924
1,25.2,2.72803,0.714537
1,25.3,2.70358,0.75815
1,25.4,2.67913,0.801762
1,25.5,2.65467,0.845375
1,25.6,2.63022,0.888988
1,25.7,2.60577,0.932601
1,25.8,2.58132,0.976214
1,25.9,2.55686,1.01983
1,26,2.53241,1.06344
1,26.1,2.50796,1.10705
1,26.2,2.48351,1.15067
1,26.3,2.45905,1.19428
1,26.4,2.4346,1.23789
1,26.5,2.41015,1.2815
1,26.6,2.3857,1.32512
1,26.7,2.36124,1.36873
1,26.8,2.33679,1.41234
1,26.9,2.31234,1.45596
1,27,2.28789,1.49957
1,27.1,2.26344,1.54318
1,27.2,2.23898,1.58679
1,27.3,2.21453,1.63041
1,27.4,2.19008,1.67402
1,27.5,2.16563,1.71763
1,27.6,2.14117,1.76124
1,27.7,2.11672,1.80486
1,27.8,2.09227,1.84847
1,27.9,2.06782,1.89208
1,28,2.04336,1.9357
1,28.1,2.01891,1.97931
1,28.2,1.99446,2.02292
1,28.3,1.97001,2.06653
1,28.4,1.94555,2.11015
1,28.5,1.9211,2.15376
1,28.6,1.89665,2.19737
1,28.7,1.8722,2.24099
1,28.8,1.84774,2.2846
1,28.9,1.82329,2.32821
1,29,1.79884,2.37182
1,29.1,1.77439,2.41544
1,29.2,1.74993,2.45905
1,29.3,1.72548,2.50266
1,29.4,1.70103,2.54628
1,29.5,1.67658,2.58989
1,29.6,1.65213,2.6335
1,29.7,1.62767,2.67711
1,29.8,1.60322,2.72073
1,29.9,1.57877,2.76434
1,30,1.55432,2.80795
1,30.1,1.52986,2.85157
1,30.2,1.50541,2.89518
1,30.3,1.48096,2.93879
1,30.4,1.45651,2.9824
1,30.5,1.43205,3.02602
1,30.6,1.4076,3.06963
1,30.7,1.38315,3.11324
1,30.8,1.3587,3.15686
1,30.9,1.33424,3.20047
1,31,1.30979,3.24408
1,31.1,1.28534,3.28769
1,31.2,1.26089,3.33131
1,31.3,1.23643,3.37492
1,31.4,1.21198,3.41853
1,31.5,1.18753,3.46215
1,31.6,1.16308,3.50576
1,31.7,1.13862,3.54937
1,31.8,1.11417,3.59298
1,31.9,1.08972,3.6366
1,32,1.06527,3.68021
1,32.1,1.04082,3.72382
1,32.2,1.01636,3.76744
1,32.3,0.99191,3.81105
1,32.4,0.967458,3.85466
1,32.5,0.943006,3.89827
1,32.6,0.918553,3.94189
1,32.7,0.894101,3.9855
1,32.8,0.869648,4.02911
1,32.9,0.845196,4.07273
1,33,0.820744,4.11634
1,33.1,0.796291,4.15995
1,33.2,0.771839,4.20356
1,33.3,0.747387,4.24718
1,33.4,0.722934,4.29079
1,33.5,0.698482,4.3344
1,33.6,0.674029,4.37802
1,33.7,0.649577,4.42163
1,33.8,0.625125,4.46524
1,33.9,0.600672,4.50885
1,34,0.57622,4.55247
1,34.1,0.551767,4.59608
1,34.2,0.527315,4.63969
1,34.3,0.502863,4.68331
1,34.4,0.47841,4.72692
1,34.5,0.453958,4.77053
1,34.6,0.429505,4.81414
1,34.7,0.405053,4.85776
1,34.8,0.380601,4.90137
1,34.9,0.356148,4.94498
1,35,0.331696,4.9886
1,35.1,0.307243,4.96779
1,35.2,0.282791,4.92418
1,35.3,0.258339,4.88057
1,35.4,0.233886,4.83695
1,35.5,0.209434,4.79334
1,35.6,0.184981,4.74973
1,35.7,0.160529,4.70611
1,35.8,0.136077,4.6625
1,35.9,0.111624,4.61889
1,36,0.0871718,4.57528
1,36.1,0.0627194,4.53166
1,36.2,0.038267,4.48805
1,36.3,0.0138146,4.44444
1,36.4,0.0106377,4.40082
1,36.5,0.0350901,4.35721
1,36.6,0.0595425,4.3136
1,36.7,0.0839949,4.26999
1,36.8,0.108447,4.22637
1,36.9,0.1329,4.18276
1,37,0.157352,4.13915
1,37.1,0.181805,4.09553
1,37.2,0.206257,4.05192
1,37.3,0.230709,4.00831
1,37.4,0.255162,3.9647
1,37.5,0.279614,3.92108
1,37.6,0.304066,3.87747
1,37.7,0.328519,3.83386
1,37.8,0.352971,3.79024
1,37.9,0.377424,3.74663
1,38,0.401876,3.70302
1,38.1,0.426328,3.65941
1,38.2,0.450781,3.61579
1,38.3,0.475233,3.57218
1,38.4,0.499686,3.52857
1,38.5,0.524138,3.48495
1,38.6,0.54859,3.44134
1,38.7,0.573043,3.39773
1,38.8,0.597495,3.35412
1,38.9,0.621948,3.3105
1,39,0.6464,3.26689
1,39.1,0.670852,3.22328
1,39.2,0.695305,3.17966
1,39.3,0.719757,3.13605
1,39.4,0.74421,3.09244
1,39.5,0.768662,3.04883
1,39.6,0.793114,3.00521
1,39.7,0.817567,2.9616
1,39.8,0.842019,2.91799
1,39.9,0.866472,2.87437
1,40,0.890924,2.83076
1,40.1,0.915376,2.78715
1,40.2,0.939829,2.74354
1,40.3,0.964281,2.69992
1,40.4,0.988734,2.65631
1,40.5,1.01319,2.6127
1,40.6,1.03764,2.56908
1,40.7,1.06209,2.52547
1,40.8,1.08654,2.48186
1,40.9,1.111,2.43825
1,41,1.13545,2.39463
1,41.1,1.1599,2.35102
1,41.2,1.18435,2.30741
1,41.3,1.20881,2.2638
1,41.4,1.23326,2.22018
1,41.5,1.25771,2.17657
1,41.6,1.28216,2.13296
1,41.7,1.30661,2.08934
1,41.8,1.33107,2.04573
1,41.9,1.35552,2.00212
1,42,1.37997,1.95851
1,42.1,1.40442,1.91489
1,42.2,1.42888,1.87128
1,42.3,1.45333,1.82767
1,42.4,1.47778,1.78405
1,42.5,1.50223,1.74044
1,42.6,1.52669,1.69683
1,42.7,1.55114,1.65322
1,42.8,1.57559,1.6096
1,42.9,1.60004,1.56599
1,43,1.6245,1.52238
1,43.1,1.64895,1.47876
1,43.2,1.6734,1.43515
1,43.3,1.69785,1.39154
1,43.4,1.72231,1.34793
1,43.5,1.74676,1.30431
1,43.6,1.77121,1.2607
1,43.7,1.79566,1.21709
1,43.8,1.82011,1.17347
1,43.9,1.84457,1.12986
1,44,1.86902,1.08625
1,44.1,1.89347,1.04264
1,44.2,1.91792,0.999023
1,44.3,1.94238,0.95541
1,44.4,1.96683,0.911797
1,44.5,1.99128,0.868184
1,44.6,2.01573,0.824571
1,44.7,2.04019,0.780958
1,44.8,2.06464,0.737345
1,44.9,2.08909,0.693733
1,45,2.11354,0.65012
1,45.1,2.138,0.606507
1,45.2,2.16245,0.562894
1,45.3,2.1869,0.519281
1,45.4,2.21135,0.475668
1,45.5,2.23581,0.432056
1,45.6,2.26026,0.388443
1,45.7,2.28471,0.34483
1,45.8,2.30916,0.301217
1,45.9,2.33362,0.257604
1,46,2.35807,0.213991
1,46.1,2.38252,0.170378
1,46.2,2.40697,0.126766
1,46.3,2.43142,0.0831528
1,46.4,2.45588,0.0395399
1,46.5,2.48033,0.00407293
1,46.6,2.50478,0.0476858
1,46.7,2.52923,0.0912986
1,46.8,2.55369,0.134911
1,46.9,2.57814,0.178524
1,47,2.60259,0.222137
1,47.1,2.62704,0.26575
1,47.2,2.6515,0.309363
1,47.3,2.67595,0.352976
1,47.4,2.7004,0.396589
1,47.5,2.72485,0.440201
1,47.6,2.74931,0.483814
1,47.7,2.77376,0.527427
1,47.8,2.79821,0.57104
1,47.9,2.82266,0.614653
1,48,2.84712,0.658266
1,48.1,2.87157,0.701878
1,48.2,2.89602,0.745491
1,48.3,2.92047,0.789104
1,48.4,2.94493,0.832717
1,48.5,2.96938,0.87633
1,48.6,2.99383,0.919943
1,48.7,3.01828,0.963556
1,48.8,3.04273,1.00717
1,48.9,3.06719,1.05078
1,49,3.09164,1.09439
1,49.1,3.11609,1.13801
1,49.2,3.14054,1.18162
1,49.3,3.165,1.22523
1,49.4,3.18945,1.26885
1,49.5,3.2139,1.31246
1,49.6,3.23835,1.35607
1,49.7,3.26281,1.39968
1,49.8,3.28726,1.4433
1,49.9,3.31171,1.48691
1,50,3.33616,1.53052
1,50.1,3.36062,1.57414
1,50.2,3.38507,1.61775
1,50.3,3.40952,1.66136
1,50.4,3.43397,1.70497
1,50.5,3.45843,1.74859
1,50.6,3.48288,1.7922
1,50.7,3.50733,1.83581
1,50.8,3.53178,1.87943
1,50.9,3.55624,1.92304
1,51,3.58069,1.96665
1,51.1,3.60514,2.01026
1,51.2,3.62959,2.05388
1,51.3,3.65404,2.09749
1,51.4,3.6785,2.1411
1,51.5,3.70295,2.18472
1,51.6,3.7274,2.22833
1,51.7,3.75185,2.27194
1,51.8,3.77631,2.31555
1,51.9,3.80076,2.35917
1,52,3.82521,2.40278
1,52.1,3.84966,2.44639
1,52.2,3.87412,2.49001
1,52.3,3.89857,2.53362
1,52.4,3.92302,2.57723
1,52.5,3.94747,2.62084
1,52.6,3.97193,2.66446
1,52.7,3.99638,2.70807
1,52.8,4.02083,2.75168
1,52.9,4.04528,2.7953
1,53,4.06974,2.83891
1,53.1,4.09419,2.88252
1,53.2,4.11864,2.92613
1,53.3,4.14309,2.96975
1,53.4,4.16754,3.01336
1,53.5,4.192,3.05697
1,53.6,4.21645,3.10059
1,53.7,4.2409,3.1442
1,53.8,4.26535,3.18781
1,53.9,4.28981,3.23142
1,54,4.31426,3.27504
1,54.1,4.33871,3.31865
1,54.2,4.36316,3.36226
1,54.3,4.38762,3.40587
1,54.4,4.41207,3.44949
1,54.5,4.43652,3.4931
1,54.6,4.46097,3.53671
1,54.7,4.48543,3.58033
1,54.8,4.50988,3.62394
1,54.9,4.53433,3.66755
1,55,4.55878,3.71116
1,55.1,4.58324,3.75478
1,55.2,4.60769,3.79839
1,55.3,4.63214,3.842
1,55.4,4.65659,3.88562
1,55.5,4.68105,3.92923
1,55.6,4.7055,3.97284
1,55.7,4.72995,4.01645
1,55.8,4.7544,4.06007
1,55.9,4.77885,4.10368
1,56,4.80331,4.14729
1,56.1,4.82776,4.19091
1,56.2,4.85221,4.23452
1,56.3,4.87666,4.27813
1,56.4,4.90112,4.32174
1,56.5,4.92557,4.36536
1,56.6,4.95002,4.40897
1,56.7,4.97447,4.45258
1,56.8,4.99893,4.4962
1,56.9,4.97662,4.53981
1,57,4.95217,4.58342
1,57.1,4.92772,4.62703
1,57.2,4.90326,4.67065
1,57.3,4.87881,4.71426
1,57.4,4.85436,4.75787
1,57.5,4.82991,4.80149
1,57.6,4.80545,4.8451
1,57.7,4.781,4.88871
1,57.8,4.75655,4.93232
1,57.9,4.7321,4.97594
1,58,4.70764,4.98045
1,58.1,4.68319,4.93684
1,58.2,4.65874,4.89322
1,58.3,4.63429,4.84961
1,58.4,4.60984,4.806
1,58.5,4.58538,4.76239
1,58.6,4.56093,4.71877
1,58.7,4.53648,4.67516
1,58.8,4.51203,4.63155
1,58.9,4.48757,4.58793
1,59,4.46312,4.54432
1,59.1,4.43867,4.50071
1,59.2,4.41422,4.4571
1,59.3,4.38976,4.41348
1,59.4,4.36531,4.36987
1,59.5,4.34086,4.32626
1,59.6,4.31641,4.28264
1,59.7,4.29195,4.23903
1,59.8,4.2675,4.19542
1,59.9,4.24305,4.15181
1,60,4.2186,4.10819
1,60.1,4.19414,4.06458
1,60.2,4.16969,4.02097
1,60.3,4.14524,3.97735
1,60.4,4.12079,3.93374
1,60.5,4.09633,3.89013
1,60.6,4.07188,3.84652
1,60.7,4.04743,3.8029
1,60.8,4.02298,3.75929
1,60.9,3.99853,3.71568
1,61,3.97407,3.67206
1,61.1,3.94962,3.62845
1,61.2,3.92517,3.58484
1,61.3,3.90072,3.54123
1,61.4,3.87626,3.49761
1,61.5,3.85181,3.454
1,61.6,3.82736,3.41039
1,61.7,3.80291,3.36677
1,61.8,3.77845,3.32316
1,61.9,3.754,3.27955
1,62,3.72955,3.23594
1,62.1,3.7051,3.19232
1,62.2,3.68064,3.14871
1,62.3,3.65619,3.1051
1,62.4,3.63174,3.06148
1,62.5,3.60729,3.01787
1,62.6,3.58283,2.97426
1,62.7,3.55838,2.93065
1,62.8,3.53393,2.88703
1,62.9,3.50948,2.84342
1,63,3.48503,2.79981
1,63.1,3.46057,2.75619
1,63.2,3.43612,2.71258
1,63.3,3.41167,2.66897
1,63.4,3.38722,2.62536
1,63.5,3.36276,2.58174
1,63.6,3.33831,2.53813
1,63.7,3.31386,2.49452
1,63.8,3.28941,2.4509
1,63.9,3.26495,2.40729
1,64,3.2405,2.36368
1,64.1,3.21605,2.32007
1,64.2,3.1916,2.27645
1,64.3,3.16714,2.23284
1,64.4,3.14269,2.18923
1,64.5,3.11824,2.14561
1,64.6,3.09379,2.102
1,64.7,3.06933,2.05839
1,64.8,3.04488,2.01478
1,64.9,3.02043,1.97116
1,65,2.99598,1.92755
1,65.1,2.97152,1.88394
1,65.2,2.94707,1.84032
1,65.3,2.92262,1.79671
1,65.4,2.89817,1.7531
1,65.5,2.87372,1.70949
1,65.6,2.84926,1.66587
1,65.7,2.82481,1.62226
1,65.8,2.80036,1.57865
1,65.9,2.77591,1.53503
1,66,2.75145,1.49142
1,66.1,2.727,1.44781
1,66.2,2.70255,1.4042
1,66.3,2.6781,1.36058
1,66.4,2.65364,1.31697
1,66.5,2.62919,1.27336
1,66.6,2.60474,1.22974
1,66.7,2.58029,1.18613
1,66.8,2.55583,1.14252
1,66.9,2.53138,1.09891
1,67,2.50693,1.05529
1,67.1,2.48248,1.01168
1,67.2,2.45802,0.968068
1,67.3,2.43357,0.924455
1,67.4,2.40912,0.880842
1,67.5,2.38467,0.837229
1,67.6,2.36021,0.793616
1,67.7,2.33576,0.750004
1,67.8,2.31131,0.706391
1,67.9,2.28686,0.662778
1,68,2.26241,0.619165
1,68.1,2.23795,0.575552
1,68.2,2.2135,0.531939
1,68.3,2.18905,0.488327
1,68.4,2.1646,0.444714
1,68.5,2.14014,0.401101
1,68.6,2.11569,0.357488
1,68.7,2.09124,0.313875
1,68.8,2.06679,0.270262
1,68.9,2.04233,0.226649
1,69,2.01788,0.183037
1,69.1,1.99343,0.139424
1,69.2,1.96898,0.095811
1,69.3,1.94452,0.0521981
1,69.4,1.92007,0.00858526
1,69.5,1.89562,0.0350276
1,69.6,1.87117,0.0786404
1,69.7,1.84671,0.122253
1,69.8,1.82226,0.165866
1,69.9,1.79781,0.209479
1,70,1.77336,0.253092
1,70.1,1.74891,0.296705
1,70.2,1.72445,0.340318
1,70.3,1.7,0.38393
1,70.4,1.67555,0.427543
1,70.5,1.6511,0.471156
1,70.6,1.62664,0.514769
1,70.7,1.60219,0.558382
1,70.8,1.57774,0.601995
1,70.9,1.55329,0.645607
1,71,1.52883,0.68922
1,71.1,1.50438,0.732833
1,71.2,1.47993,0.776446
1,71.3,1.45548,0.820059
1,71.4,1.43102,0.863672
1,71.5,1.40657,0.907285
1,71.6,1.38212,0.950897
1,71.7,1.35767,0.99451
1,71.8,1.33321,1.03812
1,71.9,1.30876,1.08174
1,72,1.28431,1.12535
1,72.1,1.25986,1.16896
1,72.2,1.2354,1.21257
1,72.3,1.21095,1.25619
1,72.4,1.1865,1.2998
1,72.5,1.16205,1.34341
1,72.6,1.1376,1.38703
1,72.7,1.11314,1.43064
1,72.8,1.08869,1.47425
1,72.9,1.06424,1.51786
1,73,1.03979,1.56148
1,73.1,1.01533,1.60509
1,73.2,0.990881,1.6487
1,73.3,0.966428,1.69232
1,73.4,0.941976,1.73593
1,73.5,0.917524,1.77954
1,73.6,0.893071,1.82315
1,73.7,0.868619,1.86677
1,73.8,0.844166,1.91038
1,73.9,0.819714,1.95399
1,74,0.795262,1.99761
1,74.1,0.770809,2.04122
1,74.2,0.746357,2.08483
1,74.3,0.721904,2.12844
1,74.4,0.697452,2.17206
1,74.5,0.673,2.21567
1,74.6,0.648547,2.25928
1,74.7,0.624095,2.3029
1,74.8,0.599642,2.34651
1,74.9,0.57519,2.39012
1,75,0.550738,2.43373
1,75.1,0.526285,2.47735
1,75.2,0.501833,2.52096
1,75.3,0.47738,2.56457
1,75.4,0.452928,2.60819
1,75.5,0.428476,2.6518
1,75.6,0.404023,2.69541
1,75.7,0.379571,2.73902
1,75.8,0.355119,2.78264
1,75.9,0.330666,2.82625
1,76,0.306214,2.86986
1,76.1,0.281761,2.91348
1,76.2,0.257309,2.95709
1,76.3,0.232857,3.0007
1,76.4,0.208404,3.04431
1,76.5,0.183952,3.08793
1,76.6,0.159499,3.13154
1,76.7,0.135047,3.17515
1,76.8,0.110595,3.21877
1,76.9,0.0861422,3.26238
1,77,0.0616898,3.30599
1,77.1,0.0372374,3.3496
1,77.2,0.012785,3.39322
1,77.3,0.0116674,3.43683
1,77.4,0.0361198,3.48044
1,77.5,0.0605722,3.52406
1,77.6,0.0850246,3.56767
1,77.7,0.109477,3.61128
1,77.8,0.133929,3.65489
1,77.9,0.158382,3.69851
1,78,0.182834,3.74212
1,78.1,0.207287,3.78573
1,78.2,0.231739,3.82935
1,78.3,0.256191,3.87296
1,78.4,0.280644,3.91657
1,78.5,0.305096,3.96018
1,78.6,0.329549,4.0038
1,78.7,0.354001,4.04741
1,78.8,0.378453,4.09102
1,78.9,0.402906,4.13464
1,79,0.427358,4.17825
1,79.1,0.451811,4.22186
1,79.2,0.476263,4.26547
1,79.3,0.500715,4.30909
1,79.4,0.525168,4.3527
1,79.5,0.54962,4.39631
1,79.6,0.574073,4.43993
1,79.7,0.598525,4.48354
1,79.8,0.622977,4.52715
1,79.9,0.64743,4.57076
1,80,0.671882,4.61438
1,80.1,0.696334,4.65799
1,80.2,0.720787,4.7016
1,80.3,0.745239,4.74521
1,80.4,0.769692,4.78883
1,80.5,0.794144,4.83244
1,80.6,0.818596,4.87605
1,80.7,0.843049,4.91967
1,80.8,0.867501,4.96328
1,80.9,0.891954,4.99311
1,81,0.916406,4.9495
1,81.1,0.940858,4.90588
1,81.2,0.965311,4.86227
1,81.3,0.989763,4.81866
1,81.4,1.01422,4.77504
1,81.5,1.03867,4.73143
1,81.6,1.06312,4.68782
1,81.7,1.08757,4.64421
1,81.8,1.11203,4.60059
1,81.9,1.13648,4.55698
1,82,1.16093,4.51337
1,82.1,1.18538,4.46975
1,82.2,1.20983,4.42614
1,82.3,1.23429,4.38253
1,82.4,1.25874,4.33892
1,82.5,1.28319,4.2953
1,82.6,1.30764,4.25169
1,82.7,1.3321,4.20808
1,82.8,1.35655,4.16446
1,82.9,1.381,4.12085
1,83,1.40545,4.07724
1,83.1,1.42991,4.03363
1,83.2,1.45436,3.99001
1,83.3,1.47881,3.9464
1,83.4,1.50326,3.90279
1,83.5,1.52772,3.85917
1,83.6,1.55217,3.81556
1,83.7,1.57662,3.77195
1,83.8,1.60107,3.72834
1,83.9,1.62553,3.68472
1,84,1.64998,3.64111
1,84.1,1.67443,3.5975
1,84.2,1.69888,3.55388
1,84.3,1.72334,3.51027
1,84.4,1.74779,3.46666
1,84.5,1.77224,3.42305
1,84.6,1.79669,3.37943
1,84.7,1.82114,3.33582
1,84.8,1.8456,3.29221
1,84.9,1.87005,3.24859
1,85,1.8945,3.20498
1,85.1,1.91895,3.16137
1,85.2,1.94341,3.11776
1,85.3,1.96786,3.07414
1,85.4,1.99231,3.03053
1,85.5,2.01676,2.98692
1,85.6,2.04122,2.9433
1,85.7,2.06567,2.89969
1,85.8,2.09012,2.85608
1,85.9,2.11457,2.81247
1,86,2.13903,2.76885
1,86.1,2.16348,2.72524
1,86.2,2.18793,2.68163
1,86.3,2.21238,2.63801
1,86.4,2.23684,2.5944
1,86.5,2.26129,2.55079
1,86.6,2.28574,2.50718
1,86.7,2.31019,2.46356
1,86.8,2.33464,2.41995
1,86.9,2.3591,2.37634
1,87,2.38355,2.33272
1,87.1,2.408,2.28911
1,87.2,2.43245,2.2455
1,87.3,2.45691,2.20189
1,87.4,2.48136,2.15827
1,87.5,2.50581,2.11466
1,87.6,2.53026,2.07105
1,87.7,2.55472,2.02743
1,87.8,2.57917,1.98382
1,87.9,2.60362,1.94021
1,88,2.62807,1.8966
1,88.1,2.65253,1.85298
1,88.2,2.67698,1.80937
1,88.3,2.70143,1.76576
1,88.4,2.72588,1.72214
1,88.5,2.75034,1.67853
1,88.6,2.77479,1.63492
1,88.7,2.79924,1.59131
1,88.8,2.82369,1.54769
1,88.9,2.84815,1.50408
1,89,2.8726,1.46047
1,89.1,2.89705,1.41685
1,89.2,2.9215,1.37324
1,89.3,2.94595,1.32963
1,89.4,2.97041,1.28602
1,89.5,2.99486,1.2424
1,89.6,3.01931,1.19879
1,89.7,3.04376,1.15518
1,89.8,3.06822,1.11156
1,89.9,3.09267,1.06795
1,90,3.11712,1.02434
1,90.1,3.14157,0.980726
1,90.2,3.16603,0.937113
1,90.3,3.19048,0.8935
1,90.4,3.21493,0.849888
1,90.5,3.23938,0.806275
1,90.6,3.26384,0.762662
1,90.7,3.28829,0.719049
1,90.8,3.31274,0.675436
1,90.9,3.33719,0.631823
1,91,3.36165,0.58821
1,91.1,3.3861,0.544598
1,91.2,3.41055,0.500985
1,91.3,3.435,0.457372
1,91.4,3.45946,0.413759
1,91.5,3.48391,0.370146
1,91.6,3.50836,0.326533
1,91.7,3.53281,0.282921
1,91.8,3.55726,0.239308
1,91.9,3.58172,0.195695
1,92,3.60617,0.152082
1,92.1,3.63062,0.108469
1,92.2,3.65507,0.0648563
1,92.3,3.67953,0.0212435
1,92.4,3.70398,0.0223694
1,92.5,3.72843,0.0659822
1,92.6,3.75288,0.109595
1,92.7,3.77734,0.153208
1,92.8,3.80179,0.196821
1,92.9,3.82624,0.240434
1,93,3.85069,0.284046
1,93.1,3.87515,0.327659
1,93.2,3.8996,0.371272
1,93.3,3.92405,0.414885
1,93.4,3.9485,0.458498
1,93.5,3.97296,0.502111
1,93.6,3.99741,0.545724
1,93.7,4.02186,0.589336
1,93.8,4.04631,0.632949
1,93.9,4.07077,0.676562
1,94,4.09522,0.720175
1,94.1,4.11967,0.763788
1,94.2,4.14412,0.807401
1,94.3,4.16857,0.851013
1,94.4,4.19303,0.894626
1,94.5,4.21748,0.938239
1,94.6,4.24193,0.981852
1,94.7,4.26638,1.02546
1,94.8,4.29084,1.06908
1,94.9,4.31529,1.11269
1,95,4.33974,1.1563
1,95.1,4.36419,1.19992
1,95.2,4.38865,1.24353
1,95.3,4.4131,1.28714
1,95.4,4.43755,1.33075
1,95.5,4.462,1.37437
1,95.6,4.48646,1.41798
1,95.7,4.51091,1.46159
1,95.8,4.53536,1.50521
1,95.9,4.55981,1.54882
1,96,4.58427,1.59243
1,96.1,4.60872,1.63604
1,96.2,4.63317,1.67966
1,96.3,4.65762,1.72327
1,96.4,4.68207,1.76688
1,96.5,4.70653,1.8105
1,96.6,4.73098,1.85411
1,96.7,4.75543,1.89772
1,96.8,4.77988,1.94133
1,96.9,4.80434,1.98495
1,97,4.82879,2.02856
1,97.1,4.85324,2.07217
1,97.2,4.87769,2.11579
1,97.3,4.90215,2.1594
1,97.4,4.9266,2.20301
1,97.5,4.95105,2.24662
1,97.6,4.9755,2.29024
1,97.7,4.99996,2.33385
1,97.8,4.97559,2.37746
1,97.9,4.95114,2.42108
1,98,4.92669,2.46469
1,98.1,4.90223,2.5083
1,98.2,4.87778,2.55191
1,98.3,4.85333,2.59553
1,98.4,4.82888,2.63914
1,98.5,4.80442,2.68275
1,98.6,4.77997,2.72637
1,98.7,4.75552,2.76998
1,98.8,4.73107,2.81359
1,98.9,4.70662,2.8572
1,99,4.68216,2.90082
1,99.1,4.65771,2.94443
1,99.2,4.63326,2.98804
1,99.3,4.60881,3.03166
1,99.4,4.58435,3.07527
1,99.5,4.5599,3.11888
1,99.6,4.53545,3.16249
1,99.7,4.511,3.20611
1,99.8,4.48654,3.24972
1,99.9,4.46209,3.29333
1,100,4.43764,3.33695
1,100.1,4.41319,3.38056
1,100.2,4.38873,3.42417
1,100.3,4.36428,3.46778
1,100.4,4.33983,3.5114
1,100.5,4.31538,3.55501
1,100.6,4.29092,3.59862
1,100.7,4.26647,3.64224
1,100.8,4.24202,3.68585
1,100.9,4.21757,3.72946
1,101,4.19311,3.77307
1,101.1,4.16866,3.81669
1,101.2,4.14421,3.8603
1,101.3,4.11976,3.90391
1,101.4,4.09531,3.94753
1,101.5,4.07085,3.99114
1,101.6,4.0464,4.03475
1,101.7,4.02195,4.07836
1,101.8,3.9975,4.12198
1,101.9,3.97304,4.16559
1,102,3.94859,4.2092
1,102.1,3.92414,4.25282
1,102.2,3.89969,4.29643
1,102.3,3.87523,4.34004
1,102.4,3.85078,4.38365
1,102.5,3.82633,4.42727
1,102.6,3.80188,4.47088
1,102.7,3.77742,4.51449
1,102.8,3.75297,4.55811
1,102.9,3.72852,4.60172
1,103,3.70407,4.64533
1,103.1,3.67961,4.68894
1,103.2,3.65516,4.73256
1,103.3,3.63071,4.77617
1,103.4,3.60626,4.81978
1,103.5,3.58181,4.8634
1,103.6,3.55735,4.90701
1,103.7,3.5329,4.95062
1,103.8,3.50845,4.99423
1,103.9,3.484,4.96215
1,104,3.45954,4.91854
1,104.1,3.43509,4.87493
1,104.2,3.41064,4.83131
1,104.3,3.38619,4.7877
1,104.4,3.36173,4.74409
1,104.5,3.33728,4.70048
1,104.6,3.31283,4.65686
1,104.7,3.28838,4.61325
1,104.8,3.26392,4.56964
1,104.9,3.23947,4.52602
1,105,3.21502,4.48241
1,105.1,3.19057,4.4388
1,105.2,3.16611,4.39519
1,105.3,3.14166,4.35157
1,105.4,3.11721,4.30796
1,105.5,3.09276,4.26435
1,105.6,3.0683,4.22073
1,105.7,3.04385,4.17712
1,105.8,3.0194,4.13351
1,105.9,2.99495,4.0899
1,106,2.9705,4.04628
1,106.1,2.94604,4.00267
1,106.2,2.92159,3.95906
1,106.3,2.89714,3.91544
1,106.4,2.87269,3.87183
1,106.5,2.84823,3.82822
1,106.6,2.82378,3.78461
1,106.7,2.79933,3.74099
1,106.8,2.77488,3.69738
1,106.9,2.75042,3.65377
1,107,2.72597,3.61016
1,107.1,2.70152,3.56654
1,107.2,2.67707,3.52293
1,107.3,2.65261,3.47932
1,107.4,2.62816,3.4357
1,107.5,2.60371,3.39209
1,107.6,2.57926,3.34848
1,107.7,2.5548,3.30487
1,107.8,2.53035,3.26125
1,107.9,2.5059,3.21764
1,108,2.48145,3.17403
1,108.1,2.45699,3.13041
1,108.2,2.43254,3.0868
1,108.3,2.40809,3.04319
1,108.4,2.38364,2.99958
1,108.5,2.35919,2.95596
1,108.6,2.33473,2.91235
1,108.7,2.31028,2.86874
1,108.8,2.28583,2.82512
1,108.9,2.26138,2.78151
1,109,2.23692,2.7379
1,109.1,2.21247,2.69429
1,109.2,2.18802,2.65067
1,109.3,2.16357,2.60706
1,109.4,2.13911,2.56345
1,109.5,2.11466,2.51983
1,109.6,2.09021,2.47622
1,109.7,2.06576,2.43261
1,109.8,2.0413,2.389
1,109.9,2.01685,2.34538
1,110,1.9924,2.30177
1,110.1,1.96795,2.25816
1,110.2,1.94349,2.21454
1,110.3,1.91904,2.17093
1,110.4,1.89459,2.12732
1,110.5,1.87014,2.08371
1,110.6,1.84568,2.04009
1,110.7,1.82123,1.99648
1,110.8,1.79678,1.95287
1,110.9,1.77233,1.90925
1,111,1.74788,1.86564
1,111.1,1.72342,1.82203
1,111.2,1.69897,1.77842
1,111.3,1.67452,1.7348
1,111.4,1.65007,1.69119
1,111.5,1.62561,1.64758
1,111.6,1.60116,1.60396
1,111.7,1.57671,1.56035
1,111.8,1.55226,1.51674
1,111.9,1.5278,1.47313
1,112,1.50335,1.42951
1,112.1,1.4789,1.3859
1,112.2,1.45445,1.34229
1,112.3,1.42999,1.29867
1,112.4,1.40554,1.25506
1,112.5,1.38109,1.21145
1,112.6,1.35664,1.16784
1,112.7,1.33218,1.12422
1,112.8,1.30773,1.08061
1,112.9,1.28328,1.037
1,113,1.25883,0.993384
1,113.1,1.23438,0.949771
1,113.2,1.20992,0.906159
1,113.3,1.18547,0.862546
1,113.4,1.16102,0.818933
1,113.5,1.13657,0.77532
1,113.6,1.11211,0.731707
1,113.7,1.08766,0.688094
1,113.8,1.06321,0.644481
1,113.9,1.03876,0.600869
1,114,1.0143,0.557256
1,114.1,0.989851,0.513643
1,114.2,0.965399,0.47003
1,114.3,0.940946,0.426417
1,114.4,0.916494,0.382804
1,114.5,0.892042,0.339192
1,114.6,0.867589,0.295579
1,114.7,0.843137,0.251966
1,114.8,0.818684,0.208353
1,114.9,0.794232,0.16474
1,115,0.76978,0.121127
1,115.1,0.745327,0.0775145
1,115.2,0.720875,0.0339016
1,115.3,0.696422,0.0097112
1,115.4,0.67197,0.053324
1,115.5,0.647518,0.0969369
1,115.6,0.623065,0.14055
1,115.7,0.598613,0.184163
1,115.8,0.57416,0.227775
1,115.9,0.549708,0.271388
1,116,0.525256,0.315001
1,116.1,0.500803,0.358614
1,116.2,0.476351,0.402227
1,116.3,0.451898,0.44584
1,116.4,0.427446,0.489453
1,116.5,0.402994,0.533065
1,116.6,0.378541,0.576678
1,116.7,0.354089,0.620291
1,116.8,0.329636,0.663904
1,116.9,0.305184,0.707517
1,117,0.280732,0.75113
1,117.1,0.256279,0.794742
1,117.2,0.231827,0.838355
1,117.3,0.207374,0.881968
1,117.4,0.182922,0.925581
1,117.5,0.15847,0.969194
1,117.6,0.134017,1.01281
1,117.7,0.109565,1.05642
1,117.8,0.0851125,1.10003
1,117.9,0.0606601,1.14365
1,118,0.0362077,1.18726
1,118.1,0.0117553,1.23087
1,118.2,0.0126971,1.27448
1,118.3,0.0371495,1.3181
1,118.4,0.0616019,1.36171
1,118.5,0.0860543,1.40532
1,118.6,0.110507,1.44894
1,118.7,0.134959,1.49255
1,118.8,0.159411,1.53616
1,118.9,0.183864,1.57977
1,119,0.208316,1.62339
1,119.1,0.232769,1.667
1,119.2,0.257221,1.71061
1,119.3,0.281673,1.75423
1,119.4,0.306126,1.79784
1,119.5,0.330578,1.84145
1,119.6,0.355031,1.88506
1,119.7,0.379483,1.92868
1,119.8,0.403935,1.97229
1,119.9,0.428388,2.0159
1,120,0.45284,2.05951
1,120.1,0.477293,2.10313
1,120.2,0.501745,2.14674
1,120.3,0.526197,2.19035
1,120.4,0.55065,2.23397
1,120.5,0.575102,2.27758
1,120.6,0.599555,2.32119
1,120.7,0.624007,2.3648
1,120.8,0.648459,2.40842
1,120.9,0.672912,2.45203
1,121,0.697364,2.49564
1,121.1,0.721817,2.53926
1,121.2,0.746269,2.58287
1,121.3,0.770721,2.62648
1,121.4,0.795174,2.67009
1,121.5,0.819626,2.71371
1,121.6,0.844079,2.75732
1,121.7,0.868531,2.80093
1,121.8,0.892983,2.84455
1,121.9,0.917436,2.88816
1,122,0.941888,2.93177
1,122.1,0.966341,2.97538
1,122.2,0.990793,3.019
1,122.3,1.01525,3.06261
1,122.4,1.0397,3.10622
1,122.5,1.06415,3.14984
1,122.6,1.0886,3.19345
1,122.7,1.11305,3.23706
1,122.8,1.13751,3.28067
1,122.9,1.16196,3.32429
1,123,1.18641,3.3679
1,123.1,1.21086,3.41151
1,123.2,1.23532,3.45513
1,123.3,1.25977,3.49874
1,123.4,1.28422,3.54235
1,123.5,1.30867,3.58596
1,123.6,1.33313,3.62958
1,123.7,1.35758,3.67319
1,123.8,1.38203,3.7168
1,123.9,1.40648,3.76042
1,124,1.43094,3.80403
1,124.1,1.45539,3.84764
1,124.2,1.47984,3.89125
1,124.3,1.50429,3.93487
1,124.4,1.52875,3.97848
1,124.5,1.5532,4.02209
1,124.6,1.57765,4.06571
1,124.7,1.6021,4.10932
1,124.8,1.62656,4.15293
1,124.9,1.65101,4.19654
1,125,1.67546,4.24016
1,125.1,1.69991,4.28377
1,125.2,1.72436,4.32738
1,125.3,1.74882,4.371
1,125.4,1.77327,4.41461
1,125.5,1.79772,4.45822
1,125.6,1.82217,4.50183
1,125.7,1.84663,4.54545
1,125.8,1.87108,4.58906
1,125.9,1.89553,4.63267
1,126,1.91998,4.67629
1,126.1,1.94444,4.7199
1,126.2,1.96889,4.76351
1,126.3,1.99334,4.80712
1,126.4,2.01779,4.85074
1,126.5,2.04225,4.89435
1,126.6,2.0667,4.93796
1,126.7,2.09115,4.98158
1,126.8,2.1156,4.97481
1,126.9,2.14006,4.9312
1,127,2.16451,4.88759
1,127.1,2.18896,4.84397
1,127.2,2.21341,4.80036
1,127.3,2.23787,4.75675
1,127.4,2.26232,4.71313
1,127.5,2.28677,4.66952
1,127.6,2.31122,4.62591
1,127.7,2.33567,4.5823
1,127.8,2.36013,4.53868
1,127.9,2.38458,4.49507
1,128,2.40903,4.45146
1,128.1,2.43348,4.40784
1,128.2,2.45794,4.36423
1,128.3,2.48239,4.32062
1,128.4,2.50684,4.27701
1,128.5,2.53129,4.23339
1,128.6,2.55575,4.18978
1,128.7,2.5802,4.14617
1,128.8,2.60465,4.10255
1,128.9,2.6291,4.05894
1,129,2.65356,4.01533
1,129.1,2.67801,3.97172
1,129.2,2.70246,3.9281
1,129.3,2.72691,3.88449
1,129.4,2.75137,3.84088
1,129.5,2.77582,3.79726
1,129.6,2.80027,3.75365
1,129.7,2.82472,3.71004
1,129.8,2.84917,3.66643
1,129.9,2.87363,3.62281
1,130,2.89808,3.5792
1,130.1,2.92253,3.53559
1,130.2,2.94698,3.49197
1,130.3,2.97144,3.44836
1,130.4,2.99589,3.40475
1,130.5,3.02034,3.36114
1,130.6,3.04479,3.31752
1,130.7,3.06925,3.27391
1,130.8,3.0937,3.2303
1,130.9,3.11815,3.18668
1,131,3.1426,3.14307
1,131.1,3.16706,3.09946
1,131.2,3.19151,3.05585
1,131.3,3.21596,3.01223
1,131.4,3.24041,2.96862
1,131.5,3.26487,2.92501
1,131.6,3.28932,2.88139
1,131.7,3.31377,2.83778
1,131.8,3.33822,2.79417
1,131.9,3.36268,2.75056
1,132,3.38713,2.70694
1,132.1,3.41158,2.66333
1,132.2,3.43603,2.61972
1,132.3,3.46048,2.5761
1,132.4,3.48494,2.53249
1,132.5,3.50939,2.48888
1,132.6,3.53384,2.44527
1,132.7,3.55829,2.40165
1,132.8,3.58275,2.35804
1,132.9,3.6072,2.31443
1,133,3.63165,2.27082
1,133.1,3.6561,2.2272
1,133.2,3.68056,2.18359
1,133.3,3.70501,2.13998
1,133.4,3.72946,2.09636
1,133.5,3.75391,2.05275
1,133.6,3.77837,2.00914
1,133.7,3.80282,1.96553
1,133.8,3.82727,1.92191
1,133.9,3.85172,1.8783
1,134,3.87618,1.83469
1,134.1,3.90063,1.79107
1,134.2,3.92508,1.74746
1,134.3,3.94953,1.70385
1,134.4,3.97399,1.66024
1,134.5,3.99844,1.61662
1,134.6,4.02289,1.57301
1,134.7,4.04734,1.5294
1,134.8,4.07179,1.48578
1,134.9,4.09625,1.44217
1,135,4.1207,1.39856
1,135.1,4.14515,1.35495
1,135.2,4.1696,1.31133
1,135.3,4.19406,1.26772
1,135.4,4.21851,1.22411
1,135.5,4.24296,1.18049
1,135.6,4.26741,1.13688
1,135.7,4.29187,1.09327
1,135.8,4.31632,1.04966
1,135.9,4.34077,1.00604
1,136,4.36522,0.96243
1,136.1,4.38968,0.918817
1,136.2,4.41413,0.875204
1,136.3,4.43858,0.831591
1,136.4,4.46303,0.787978
1,136.5,4.48749,0.744365
1,136.6,4.51194,0.700753
1,136.7,4.53639,0.65714
1,136.8,4.56084,0.613527
1,136.9,4.5853,0.569914
1,137,4.60975,0.526301
1,137.1,4.6342,0.482688
1,137.2,4.65865,0.439075
1,137.3,4.6831,0.395463
1,137.4,4.70756,0.35185
1,137.5,4.73201,0.308237
1,137.6,4.75646,0.264624
1,137.7,4.78091,0.221011
1,137.8,4.80537,0.177398
1,137.9,4.82982,0.133786
1,138,4.85427,0.0901727
1,138.1,4.87872,0.0465598
1,138.2,4.90318,0.00294699
1,138.3,4.92763,0.0406659
1,138.4,4.95208,0.0842787
1,138.5,4.97653,0.127892
1,138.6,4.99901,0.171504
1,138.7,4.97456,0.215117
1,138.8,4.95011,0.25873
1,138.9,4.92566,0.302343
1,139,4.9012,0.345956
1,139.1,4.87675,0.389569
1,139.2,4.8523,0.433181
1,139.3,4.82785,0.476794
1,139.4,4.8034,0.520407
1,139.5,4.77894,0.56402
1,139.6,4.75449,0.607633
1,139.7,4.73004,0.651246
1,139.8,4.70559,0.694859
1,139.9,4.68113,0.738471
1,140,4.65668,0.782084
1,140.1,4.63223,0.825697
1,140.2,4.60778,0.86931
1,140.3,4.58332,0.912923
1,140.4,4.55887,0.956536
1,140.5,4.53442,1.00015
1,140.6,4.50997,1.04376
1,140.7,4.48551,1.08737
1,140.8,4.46106,1.13099
1,140.9,4.43661,1.1746
1,141,4.41216,1.21821
1,141.1,4.3877,1.26183
1,141.2,4.36325,1.30544
1,141.3,4.3388,1.34905
1,141.4,4.31435,1.39266
1,141.5,4.28989,1.43628
1,141.6,4.26544,1.47989
1,141.7,4.24099,1.5235
1,141.8,4.21654,1.56712
1,141.9,4.19209,1.61073
1,142,4.16763,1.65434
1,142.1,4.14318,1.69795
1,142.2,4.11873,1.74157
1,142.3,4.09428,1.78518
1,142.4,4.06982,1.82879
1,142.5,4.04537,1.87241
1,142.6,4.02092,1.91602
1,142.7,3.99647,1.95963
1,142.8,3.97201,2.00324
1,142.9,3.94756,2.04686
1,143,3.92311,2.09047
1,143.1,3.89866,2.13408
1,143.2,3.8742,2.1777
1,143.3,3.84975,2.22131
1,143.4,3.8253,2.26492
1,143.5,3.80085,2.30853
1,143.6,3.77639,2.35215
1,143.7,3.75194,2.39576
1,143.8,3.72749,2.43937
1,143.9,3.70304,2.48299
1,144,3.67858,2.5266
1,144.1,3.65413,2.57021
1,144.2,3.62968,2.61382
1,144.3,3.60523,2.65744
1,144.4,3.58078,2.70105
1,144.5,3.55632,2.74466
1,144.6,3.53187,2.78828
1,144.7,3.50742,2.83189
1,144.8,3.48297,2.8755
1,144.9,3.45851,2.91911
1,145,3.43406,2.96273
1,145.1,3.40961,3.00634
1,145.2,3.38516,3.04995
1,145.3,3.3607,3.09357
1,145.4,3.33625,3.13718
1,145.5,3.3118,3.18079
1,145.6,3.28735,3.2244
1,145.7,3.26289,3.26802
1,145.8,3.23844,3.31163
1,145.9,3.21399,3.35524
1,146,3.18954,3.39886
1,146.1,3.16508,3.44247
1,146.2,3.14063,3.48608
1,146.3,3.11618,3.52969
1,146.4,3.09173,3.57331
1,146.5,3.06728,3.61692
1,146.6,3.04282,3.66053
1,146.7,3.01837,3.70414
1,146.8,2.99392,3.74776
1,146.9,2.96947,3.79137
1,147,2.94501,3.83498
1,147.1,2.92056,3.8786
1,147.2,2.89611,3.92221
1,147.3,2.87166,3.96582
1,147.4,2.8472,4.00943
1,147.5,2.82275,4.05305
1,147.6,2.7983,4.09666
1,147.7,2.77385,4.14027
1,147.8,2.74939,4.18389
1,147.9,2.72494,4.2275
1,148,2.70049,4.27111
1,148.1,2.67604,4.31472
1,148.2,2.65158,4.35834
1,148.3,2.62713,4.40195
1,148.4,2.60268,4.44556
1,148.5,2.57823,4.48918
1,148.6,2.55377,4.53279
1,148.7,2.52932,4.5764
1,148.8,2.50487,4.62001
1,148.9,2.48042,4.66363
1,149,2.45597,4.70724
1,149.1,2.43151,4.75085
1,149.2,2.40706,4.79447
1,149.3,2.38261,4.83808
1,149.4,2.35816,4.88169
1,149.5,2.3337,4.9253
1,149.6,2.30925,4.96892
1,149.7,2.2848,4.98747
1,149.8,2.26035,4.94386
1,149.9,2.23589,4.90024
1,150,2.21144,4.85663
1,150.1,2.18699,4.81302
1,150.2,2.16254,4.76941
1,150.3,2.13808,4.72579
1,150.4,2.11363,4.68218
1,150.5,2.08918,4.63857
1,150.6,2.06473,4.59495
1,150.7,2.04027,4.55134
1,150.8,2.01582,4.50773
1,150.9,1.99137,4.46412
1,151,1.96692,4.4205
1,151.1,1.94246,4.37689
1,151.2,1.91801,4.33328
1,151.3,1.89356,4.28966
1,151.4,1.86911,4.24605
1,151.5,1.84466,4.20244
1,151.6,1.8202,4.15883
1,151.7,1.79575,4.11521
1,151.8,1.7713,4.0716
1,151.9,1.74685,4.02799
1,152,1.72239,3.98437
1,152.1,1.69794,3.94076
1,152.2,1.67349,3.89715
1,152.3,1.64904,3.85354
1,152.4,1.62458,3.80992
1,152.5,1.60013,3.76631
1,152.6,1.57568,3.7227
1,152.7,1.55123,3.67908
1,152.8,1.52677,3.63547
1,152.9,1.50232,3.59186
1,153,1.47787,3.54825
1,153.1,1.45342,3.50463
1,153.2,1.42896,3.46102
1,153.3,1.40451,3.41741
1,153.4,1.38006,3.37379
1,153.5,1.35561,3.33018
1,153.6,1.33115,3.28657
1,153.7,1.3067,3.24296
1,153.8,1.28225,3.19934
1,153.9,1.2578,3.15573
1,154,1.23335,3.11212
1,154.1,1.20889,3.0685
1,154.2,1.18444,3.02489
1,154.3,1.15999,2.98128
1,154.4,1.13554,2.93767
1,154.5,1.11108,2.89405
1,154.6,1.08663,2.85044
1,154.7,1.06218,2.80683
1,154.8,1.03773,2.76321
1,154.9,1.01327,2.7196
1,155,0.988821,2.67599
1,155.1,0.964369,2.63238
1,155.2,0.939917,2.58876
1,155.3,0.915464,2.54515
1,155.4,0.891012,2.50154
1,155.5,0.866559,2.45792
1,155.6,0.842107,2.41431
1,155.7,0.817655,2.3707
1,155.8,0.793202,2.32709
1,155.9,0.76875,2.28347
1,156,0.744297,2.23986
1,156.1,0.719845,2.19625
1,156.2,0.695393,2.15263
1,156.3,0.67094,2.10902
1,156.4,0.646488,2.06541
1,156.5,0.622035,2.0218
1,156.6,0.597583,1.97818
1,156.7,0.573131,1.93457
1,156.8,0.548678,1.89096
1,156.9,0.524226,1.84734
1,157,0.499774,1.80373
1,157.1,0.475321,1.76012
1,157.2,0.450869,1.71651
1,157.3,0.426416,1.67289
1,157.4,0.401964,1.62928
1,157.5,0.377512,1.58567
1,157.6,0.353059,1.54205
1,157.7,0.328607,1.49844
1,157.8,0.304154,1.45483
1,157.9,0.279702,1.41122
1,158,0.25525,1.3676
1,158.1,0.230797,1.32399
1,158.2,0.206345,1.28038
1,158.3,0.181892,1.23676
1,158.4,0.15744,1.19315
1,158.5,0.132988,1.14954
1,158.6,0.108535,1.10593
1,158.7,0.0840828,1.06231
1,158.8,0.0596304,1.0187
1,158.9,0.035178,0.975088
1,159,0.0107256,0.931475
1,159.1,0.0137268,0.887862
1,159.2,0.0381792,0.844249
1,159.3,0.0626316,0.800636
1,159.4,0.087084,0.757024
1,159.5,0.111536,0.713411
1,159.6,0.135989,0.669798
1,159.7,0.160441,0.626185
1,159.8,0.184894,0.582572
1,159.9,0.209346,0.538959
1,160,0.233798,0.495346
1,160.1,0.258251,0.451734
1,160.2,0.282703,0.408121
1,160.3,0.307156,0.364508
1,160.4,0.331608,0.320895
1,160.5,0.35606,0.277282
1,160.6,0.380513,0.233669
1,160.7,0.404965,0.190057
1,160.8,0.429418,0.146444
1,160.9,0.45387,0.102831
1,161,0.478322,0.059218
1,161.1,0.502775,0.0156052
1,161.2,0.527227,0.0280077
1,161.3,0.551679,0.0716205
1,161.4,0.576132,0.115233
1,161.5,0.600584,0.158846
1,161.6,0.625037,0.202459
1,161.7,0.649489,0.246072
1,161.8,0.673941,0.289685
1,161.9,0.698394,0.333298
1,162,0.722846,0.37691
1,162.1,0.747299,0.420523
1,162.2,0.771751,0.464136
1,162.3,0.796203,0.507749
1,162.4,0.820656,0.551362
1,162.5,0.845108,0.594975
1,162.6,0.869561,0.638588
1,162.7,0.894013,0.6822
1,162.8,0.918465,0.725813
1,162.9,0.942918,0.769426
1,163,0.96737,0.813039
1,163.1,0.991823,0.856652
1,163.2,1.01627,0.900265
1,163.3,1.04073,0.943877
1,163.4,1.06518,0.98749
1,163.5,1.08963,1.0311
1,163.6,1.11408,1.07472
1,163.7,1.13854,1.11833
1,163.8,1.16299,1.16194
1,163.9,1.18744,1.20555
1,164,1.21189,1.24917
1,164.1,1.23635,1.29278
1,164.2,1.2608,1.33639
1,164.3,1.28525,1.38001
1,164.4,1.3097,1.42362
1,164.5,1.33416,1.46723
1,164.6,1.35861,1.51084
1,164.7,1.38306,1.55446
1,164.8,1.40751,1.59807
1,164.9,1.43197,1.64168
1,165,1.45642,1.6853
1,165.1,1.48087,1.72891
1,165.2,1.50532,1.77252
1,165.3,1.52978,1.81613
1,165.4,1.55423,1.85975
1,165.5,1.57868,1.90336
1,165.6,1.60313,1.94697
1,165.7,1.62758,1.99059
1,165.8,1.65204,2.0342
1,165.9,1.67649,2.07781
1,166,1.70094,2.12142
1,166.1,1.72539,2.16504
1,166.2,1.74985,2.20865
1,166.3,1.7743,2.25226
1,166.4,1.79875,2.29588
1,166.5,1.8232,2.33949
1,166.6,1.84766,2.3831
1,166.7,1.87211,2.42671
1,166.8,1.89656,2.47033
1,166.9,1.92101,2.51394
1,167,1.94547,2.55755
1,167.1,1.96992,2.60117
1,167.2,1.99437,2.64478
1,167.3,2.01882,2.68839
1,167.4,2.04328,2.732
1,167.5,2.06773,2.77562
1,167.6,2.09218,2.81923
1,167.7,2.11663,2.86284
1,167.8,2.14109,2.90646
1,167.9,2.16554,2.95007
1,168,2.18999,2.99368
1,168.1,2.21444,3.03729
1,168.2,2.23889,3.08091
1,168.3,2.26335,3.12452
1,168.4,2.2878,3.16813
1,168.5,2.31225,3.21175
1,168.6,2.3367,3.25536
1,168.7,2.36116,3.29897
1,168.8,2.38561,3.34258
1,168.9,2.41006,3.3862
1,169,2.43451,3.42981
1,169.1,2.45897,3.47342
1,169.2,2.48342,3.51704
1,169.3,2.50787,3.56065
1,169.4,2.53232,3.60426
1,169.5,2.55678,3.64787
1,169.6,2.58123,3.69149
1,169.7,2.60568,3.7351
1,169.8,2.63013,3.77871
1,169.9,2.65459,3.82233
1,170,2.67904,3.86594
1,170.1,2.70349,3.90955
1,170.2,2.72794,3.95316
1,170.3,2.7524,3.99678
1,170.4,2.77685,4.04039
1,170.5,2.8013,4.084
1,170.6,2.82575,4.12762
1,170.7,2.8502,4.17123
1,170.8,2.87466,4.21484
1,170.9,2.89911,4.25845
1,171,2.92356,4.30207
1,171.1,2.94801,4.34568
1,171.2,2.97247,4.38929
1,171.3,2.99692,4.43291
1,171.4,3.02137,4.47652
1,171.5,3.04582,4.52013
1,171.6,3.07028,4.56374
1,171.7,3.09473,4.60736
1,171.8,3.11918,4.65097
1,171.9,3.14363,4.69458
1,172,3.16809,4.7382
1,172.1,3.19254,4.78181
1,172.2,3.21699,4.82542
1,172.3,3.24144,4.86903
1,172.4,3.2659,4.91265
1,172.5,3.29035,4.95626
1,172.6,3.3148,4.99987
1,172.7,3.33925,4.95652
1,172.8,3.3637,4.9129
1,172.9,3.38816,4.86929
1,173,3.41261,4.82568
1,173.1,3.43706,4.78206
1,173.2,3.46151,4.73845
1,173.3,3.48597,4.69484
1,173.4,3.51042,4.65123
1,173.5,3.53487,4.60761
1,173.6,3.55932,4.564
1,173.7,3.58378,4.52039
1,173.8,3.60823,4.47677
1,173.9,3.63268,4.43316
1,174,3.65713,4.38955
1,174.1,3.68159,4.34594
1,174.2,3.70604,4.30232
1,174.3,3.73049,4.25871
1,174.4,3.75494,4.2151
1,174.5,3.7794,4.17148
1,174.6,3.80385,4.12787
1,174.7,3.8283,4.08426
1,174.8,3.85275,4.04065
1,174.9,3.87721,3.99703
1,175,3.90166,3.95342
1,175.1,3.92611,3.90981
1,175.2,3.95056,3.86619
1,175.3,3.97501,3.82258
1,175.4,3.99947,3.77897
1,175.5,4.02392,3.73536
1,175.6,4.04837,3.69174
1,175.7,4.07282,3.64813
1,175.8,4.09728,3.60452
1,175.9,4.12173,3.5609
1,176,4.14618,3.51729
1,176.1,4.17063,3.47368
1,176.2,4.19509,3.43007
1,176.3,4.21954,3.38645
1,176.4,4.24399,3.34284
1,176.5,4.26844,3.29923
1,176.6,4.2929,3.25561
1,176.7,4.31735,3.212
1,176.8,4.3418,3.16839
1,176.9,4.36625,3.12478
1,177,4.39071,3.08116
1,177.1,4.41516,3.03755
1,177.2,4.43961,2.99394
1,177.3,4.46406,2.95032
1,177.4,4.48852,2.90671
1,177.5,4.51297,2.8631
1,177.6,4.53742,2.81949
1,177.7,4.56187,2.77587
1,177.8,4.58632,2.73226
1,177.9,4.61078,2.68865
1,178,4.63523,2.64503
1,178.1,4.65968,2.60142
1,178.2,4.68413,2.55781
1,178.3,4.70859,2.5142
1,178.4,4.73304,2.47058
1,178.5,4.75749,2.42697
1,178.6,4.78194,2.38336
1,178.7,4.8064,2.33974
1,178.8,4.83085,2.29613
1,178.9,4.8553,2.25252
1,179,4.87975,2.20891
1,179.1,4.90421,2.16529
1,179.2,4.92866,2.12168
1,179.3,4.95311,2.07807
1,179.4,4.97756,2.03445
1,179.5,4.99798,1.99084
1,179.6,4.97353,1.94723
1,179.7,4.94908,1.90362
1,179.8,4.92463,1.86
1,179.9,4.90017,1.81639
1,180,4.87572,1.77278
1,180.1,4.85127,1.72916
1,180.2,4.82682,1.68555
1,180.3,4.80237,1.64194
1,180.4,4.77791,1.59833
1,180.5,4.75346,1.55471
1,180.6,4.72901,1.5111
1,180.7,4.70456,1.46749
1,180.8,4.6801,1.42387
1,180.9,4.65565,1.38026
1,181,4.6312,1.33665
1,181.1,4.60675,1.29304
1,181.2,4.58229,1.24942
1,181.3,4.55784,1.20581
1,181.4,4.53339,1.1622
1,181.5,4.50894,1.11858
1,181.6,4.48448,1.07497
1,181.7,4.46003,1.03136
1,181.8,4.43558,0.987746
1,181.9,4.41113,0.944133
1,182,4.38667,0.90052
1,182.1,4.36222,0.856907
1,182.2,4.33777,0.813295
1,182.3,4.31332,0.769682
1,182.4,4.28887,0.726069
1,182.5,4.26441,0.682456
1,182.6,4.23996,0.638843
1,182.7,4.21551,0.59523
1,182.8,4.19106,0.551618
1,182.9,4.1666,0.508005
1,183,4.14215,0.464392
1,183.1,4.1177,0.420779
1,183.2,4.09325,0.377166
1,183.3,4.06879,0.333553
1,183.4,4.04434,0.28994
1,183.5,4.01989,0.246328
1,183.6,3.99544,0.202715
1,183.7,3.97098,0.159102
1,183.8,3.94653,0.115489
1,183.9,3.92208,0.0718762
1,184,3.89763,0.0282634
1,184.1,3.87317,0.0153495
1,184.2,3.84872,0.0589623
1,184.3,3.82427,0.102575
1,184.4,3.79982,0.146188
1,184.5,3.77536,0.189801
1,184.6,3.75091,0.233414
1,184.7,3.72646,0.277027
1,184.8,3.70201,0.320639
1,184.9,3.67756,0.364252
1,185,3.6531,0.407865
1,185.1,3.62865,0.451478
1,185.2,3.6042,0.495091
1,185.3,3.57975,0.538704
1,185.4,3.55529,0.582316
1,185.5,3.53084,0.625929
1,185.6,3.50639,0.669542
1,185.7,3.48194,0.713155
1,185.8,3.45748,0.756768
1,185.9,3.43303,0.800381
1,186,3.40858,0.843994
1,186.1,3.38413,0.887606
1,186.2,3.35967,0.931219
1,186.3,3.33522,0.974832
1,186.4,3.31077,1.01844
1,186.5,3.28632,1.06206
1,186.6,3.26186,1.10567
1,186.7,3.23741,1.14928
1,186.8,3.21296,1.1929
1,186.9,3.18851,1.23651
1,187,3.16405,1.28012
1,187.1,3.1396,1.32373
1,187.2,3.11515,1.36735
1,187.3,3.0907,1.41096
1,187.4,3.06625,1.45457
1,187.5,3.04179,1.49819
1,187.6,3.01734,1.5418
1,187.7,2.99289,1.58541
1,187.8,2.96844,1.62902
1,187.9,2.94398,1.67264
1,188,2.91953,1.71625
1,188.1,2.89508,1.75986
1,188.2,2.87063,1.80348
1,188.3,2.84617,1.84709
1,188.4,2.82172,1.8907
1,188.5,2.79727,1.93431
1,188.6,2.77282,1.97793
1,188.7,2.74836,2.02154
1,188.8,2.72391,2.06515
1,188.9,2.69946,2.10877
1,189,2.67501,2.15238
1,189.1,2.65055,2.19599
1,189.2,2.6261,2.2396
1,189.3,2.60165,2.28322
1,189.4,2.5772,2.32683
1,189.5,2.55275,2.37044
1,189.6,2.52829,2.41406
1,189.7,2.50384,2.45767
1,189.8,2.47939,2.50128
1,189.9,2.45494,2.54489
1,190,2.43048,2.58851
1,190.1,2.40603,2.63212
1,190.2,2.38158,2.67573
1,190.3,2.35713,2.71935
1,190.4,2.33267,2.76296
1,190.5,2.30822,2.80657
1,190.6,2.28377,2.85018
1,190.7,2.25932,2.8938
1,190.8,2.23486,2.93741
1,190.9,2.21041,2.98102
1,191,2.18596,3.02464
1,191.1,2.16151,3.06825
1,191.2,2.13705,3.11186
1,191.3,2.1126,3.15547
1,191.4,2.08815,3.19909
1,191.5,2.0637,3.2427
1,191.6,2.03924,3.28631
1,191.7,2.01479,3.32993
1,191.8,1.99034,3.37354
1,191.9,1.96589,3.41715
1,192,1.94144,3.46076
1,192.1,1.91698,3.50438
1,192.2,1.89253,3.54799
1,192.3,1.86808,3.5916
1,192.4,1.84363,3.63522
1,192.5,1.81917,3.67883
1,192.6,1.79472,3.72244
1,192.7,1.77027,3.76605
1,192.8,1.74582,3.80967
1,192.9,1.72136,3.85328
1,193,1.69691,3.89689
1,193.1,1.67246,3.94051
1,193.2,1.64801,3.98412
1,193.3,1.62355,4.02773
1,193.4,1.5991,4.07134
1,193.5,1.57465,4.11496
1,193.6,1.5502,4.15857
1,193.7,1.52574,4.20218
1,193.8,1.50129,4.2458
1,193.9,1.47684,4.28941
1,194,1.45239,4.33302
1,194.1,1.42793,4.37663
1,194.2,1.40348,4.42025
1,194.3,1.37903,4.46386
1,194.4,1.35458,4.50747
1,194.5,1.33013,4.55109
1,194.6,1.30567,4.5947
1,194.7,1.28122,4.63831
1,194.8,1.25677,4.68192
1,194.9,1.23232,4.72554
1,195,1.20786,4.76915
1,195.1,1.18341,4.81276
1,195.2,1.15896,4.85638
1,195.3,1.13451,4.89999
1,195.4,1.11005,4.9436
1,195.5,1.0856,4.98721
1,195.6,1.06115,4.96917
1,195.7,1.0367,4.92556
1,195.8,1.01224,4.88195
1,195.9,0.987792,4.83833
1,196,0.963339,4.79472
1,196.1,0.938887,4.75111
1,196.2,0.914435,4.7075
1,196.3,0.889982,4.66388
1,196.4,0.86553,4.62027
1,196.5,0.841077,4.57666
1,196.6,0.816625,4.53304
1,196.7,0.792173,4.48943
1,196.8,0.76772,4.44582
1,196.9,0.743268,4.40221
1,197,0.718815,4.35859
1,197.1,0.694363,4.31498
1,197.2,0.669911,4.27137
1,197.3,0.645458,4.22775
1,197.4,0.621006,4.18414
1,197.5,0.596553,4.14053
1,197.6,0.572101,4.09692
1,197.7,0.547649,4.0533
1,197.8,0.523196,4.00969
1,197.9,0.498744,3.96608
1,198,0.474291,3.92246
1,198.1,0.449839,3.87885
1,198.2,0.425387,3.83524
1,198.3,0.400934,3.79163
1,198.4,0.376482,3.74801
1,198.5,0.352029,3.7044
1,198.6,0.327577,3.66079
1,198.7,0.303125,3.61717
1,198.8,0.278672,3.57356
1,198.9,0.25422,3.52995
1,199,0.229767,3.48634
1,199.1,0.205315,3.44272
1,199.2,0.180863,3.39911
1,199.3,0.15641,3.3555
1,199.4,0.131958,3.31189
1,199.5,0.107506,3.26827
1,199.6,0.0830531,3.22466
1,199.7,0.0586007,3.18105
1,199.8,0.0341483,3.13743
1,199.9,0.00969593,3.09382
1,200,0.0147565,3.05021
1,200.1,0.0392089,3.0066
1,200.2,0.0636613,2.96298
1,200.3,0.0881136,2.91937
1,200.4,0.112566,2.87576
1,200.5,0.137018,2.83214
1,200.6,0.161471,2.78853
1,200.7,0.185923,2.74492
1,200.8,0.210376,2.70131
1,200.9,0.234828,2.65769
1,201,0.25928,2.61408
1,201.1,0.283733,2.57047
1,201.2,0.308185,2.52685
1,201.3,0.332638,2.48324
1,201.4,0.35709,2.43963
1,201.5,0.381542,2.39602
1,201.6,0.405995,2.3524
1,201.7,0.430447,2.30879
1,201.8,0.4549,2.26518
1,201.9,0.479352,2.22156
1,202,0.503804,2.17795
1,202.1,0.528257,2.13434
1,202.2,0.552709,2.09073
1,202.3,0.577162,2.04711
1,202.4,0.601614,2.0035
1,202.5,0.626066,1.95989
1,202.6,0.650519,1.91627
1,202.7,0.674971,1.87266
1,202.8,0.699424,1.82905
1,202.9,0.723876,1.78544
1,203,0.748328,1.74182
1,203.1,0.772781,1.69821
1,203.2,0.797233,1.6546
1,203.3,0.821686,1.61098
1,203.4,0.846138,1.56737
1,203.5,0.87059,1.52376
1,203.6,0.895043,1.48015
1,203.7,0.919495,1.43653
1,203.8,0.943947,1.39292
1,203.9,0.9684,1.34931
1,204,0.992852,1.30569
1,204.1,1.0173,1.26208
1,204.2,1.04176,1.21847
1,204.3,1.06621,1.17486
1,204.4,1.09066,1.13124
1,204.5,1.11511,1.08763
1,204.6,1.13957,1.04402
1,204.7,1.16402,1.0004
1,204.8,1.18847,0.956791
1,204.9,1.21292,0.913178
1,205,1.23738,0.869566
1,205.1,1.26183,0.825953
1,205.2,1.28628,0.78234
1,205.3,1.31073,0.738727
1,205.4,1.33519,0.695114
1,205.5,1.35964,0.651501
1,205.6,1.38409,0.607889
1,205.7,1.40854,0.564276
1,205.8,1.433,0.520663
1,205.9,1.45745,0.47705
1,206,1.4819,0.433437
1,206.1,1.50635,0.389824
1,206.2,1.5308,0.346211
1,206.3,1.55526,0.302599
1,206.4,1.57971,0.258986
1,206.5,1.60416,0.215373
1,206.6,1.62861,0.17176
1,206.7,1.65307,0.128147
1,206.8,1.67752,0.0845344
1,206.9,1.70197,0.0409216
1,207,1.72642,0.00269127
1,207.1,1.75088,0.0463041
1,207.2,1.77533,0.089917
1,207.3,1.79978,0.13353
1,207.4,1.82423,0.177143
1,207.5,1.84869,0.220756
1,207.6,1.87314,0.264368
1,207.7,1.89759,0.307981
1,207.8,1.92204,0.351594
1,207.9,1.9465,0.395207
1,208,1.97095,0.43882
1,208.1,1.9954,0.482433
1,208.2,2.01985,0.526045
1,208.3,2.04431,0.569658
1,208.4,2.06876,0.613271
1,208.5,2.09321,0.656884
1,208.6,2.11766,0.700497
1,208.7,2.14211,0.74411
1,208.8,2.16657,0.787723
1,208.9,2.19102,0.831335
1,209,2.21547,0.874948
1,209.1,2.23992,0.918561
1,209.2,2.26438,0.962174
1,209.3,2.28883,1.00579
1,209.4,2.31328,1.0494
1,209.5,2.33773,1.09301
1,209.6,2.36219,1.13663
1,209.7,2.38664,1.18024
1,209.8,2.41109,1.22385
1,209.9,2.43554,1.26746
1,210,2.46,1.31108
1,210.1,2.48445,1.35469
1,210.2,2.5089,1.3983
1,210.3,2.53335,1.44192
1,210.4,2.55781,1.48553
1,210.5,2.58226,1.52914
1,210.6,2.60671,1.57275
1,210.7,2.63116,1.61637
1,210.8,2.65562,1.65998
1,210.9,2.68007,1.70359
1,211,2.70452,1.74721
1,211.1,2.72897,1.79082
1,211.2,2.75342,1.83443
1,211.3,2.77788,1.87804
1,211.4,2.80233,1.92166
1,211.5,2.82678,1.96527
1,211.6,2.85123,2.00888
1,211.7,2.87569,2.0525
1,211.8,2.90014,2.09611
1,211.9,2.92459,2.13972
1,212,2.94904,2.18333
1,212.1,2.9735,2.22695
1,212.2,2.99795,2.27056
1,212.3,3.0224,2.31417
1,212.4,3.04685,2.35778
1,212.5,3.07131,2.4014
1,212.6,3.09576,2.44501
1,212.7,3.12021,2.48862
1,212.8,3.14466,2.53224
1,212.9,3.16912,2.57585
1,213,3.19357,2.61946
1,213.1,3.21802,2.66307
1,213.2,3.24247,2.70669
1,213.3,3.26693,2.7503
1,213.4,3.29138,2.79391
1,213.5,3.31583,2.83753
1,213.6,3.34028,2.88114
1,213.7,3.36473,2.92475
1,213.8,3.38919,2.96836
1,213.9,3.41364,3.01198
1,214,3.43809,3.05559
1,214.1,3.46254,3.0992
1,214.2,3.487,3.14282
1,214.3,3.51145,3.18643
1,214.4,3.5359,3.23004
1,214.5,3.56035,3.27365
1,214.6,3.58481,3.31727
1,214.7,3.60926,3.36088
1,214.8,3.63371,3.40449
1,214.9,3.65816,3.44811
1,215,3.68262,3.49172
1,215.1,3.70707,3.53533
1,215.2,3.73152,3.57894
1,215.3,3.75597,3.62256
1,215.4,3.78043,3.66617
1,215.5,3.80488,3.70978
1,215.6,3.82933,3.7534
1,215.7,3.85378,3.79701
1,215.8,3.87823,3.84062
1,215.9,3.90269,3.88423
1,216,3.92714,3.92785
1,216.1,3.95159,3.97146
1,216.2,3.97604,4.01507
1,216.3,4.0005,4.05869
1,216.4,4.02495,4.1023
1,216.5,4.0494,4.14591
1,216.6,4.07385,4.18952
1,216.7,4.09831,4.23314
1,216.8,4.12276,4.27675
1,216.9,4.14721,4.32036
1,217,4.17166,4.36398
1,217.1,4.19612,4.40759
1,217.2,4.22057,4.4512
1,217.3,4.24502,4.49481
1,217.4,4.26947,4.53843
1,217.5,4.29393,4.58204
1,217.6,4.31838,4.62565
1,217.7,4.34283,4.66927
1,217.8,4.36728,4.71288
1,217.9,4.39174,4.75649
1,218,4.41619,4.8001
1,218.1,4.44064,4.84372
1,218.2,4.46509,4.88733
1,218.3,4.48954,4.93094
1,218.4,4.514,4.97456
1,218.5,4.53845,4.98183
1,218.6,4.5629,4.93822
1,218.7,4.58735,4.89461
1,218.8,4.61181,4.85099
1,218.9,4.63626,4.80738
1,219,4.66071,4.76377
1,219.1,4.68516,4.72015
1,219.2,4.70962,4.67654
1,219.3,4.73407,4.63293
1,219.4,4.75852,4.58932
1,219.5,4.78297,4.5457
1,219.6,4.80743,4.50209
1,219.7,4.83188,4.45848
1,219.8,4.85633,4.41486
1,219.9,4.88078,4.37125
1,220,4.90524,4.32764
1,220.1,4.92969,4.28403
1,220.2,4.95414,4.24041
1,220.3,4.97859,4.1968
1,220.4,4.99695,4.15319
1,220.5,4.9725,4.10957
1,220.6,4.94805,4.06596
1,220.7,4.9236,4.02235
1,220.8,4.89915,3.97874
1,220.9,4.87469,3.93512
1,221,4.85024,3.89151
1,221.1,4.82579,3.8479
1,221.2,4.80134,3.80428
1,221.3,4.77688,3.76067
1,221.4,4.75243,3.71706
1,221.5,4.72798,3.67345
1,221.6,4.70353,3.62983
1,221.7,4.67907,3.58622
1,221.8,4.65462,3.54261
1,221.9,4.63017,3.49899
1,222,4.60572,3.45538
1,222.1,4.58126,3.41177
1,222.2,4.55681,3.36816
1,222.3,4.53236,3.32454
1,222.4,4.50791,3.28093
1,222.5,4.48345,3.23732
1,222.6,4.459,3.1937
1,222.7,4.43455,3.15009
1,222.8,4.4101,3.10648
1,222.9,4.38565,3.06287
1,223,4.36119,3.01925
1,223.1,4.33674,2.97564
1,223.2,4.31229,2.93203
1,223.3,4.28784,2.88841
1,223.4,4.26338,2.8448
1,223.5,4.23893,2.80119
1,223.6,4.21448,2.75758
1,223.7,4.19003,2.71396
1,223.8,4.16557,2.67035
1,223.9,4.14112,2.62674
1,224,4.11667,2.58312
1,224.1,4.09222,2.53951
1,224.2,4.06776,2.4959
1,224.3,4.04331,2.45229
1,224.4,4.01886,2.40867
1,224.5,3.99441,2.36506
1,224.6,3.96995,2.32145
1,224.7,3.9455,2.27783
1,224.8,3.92105,2.23422
1,224.9,3.8966,2.19061
1,225,3.87214,2.147
1,225.1,3.84769,2.10338
1,225.2,3.82324,2.05977
1,225.3,3.79879,2.01616
1,225.4,3.77434,1.97255
1,225.5,3.74988,1.92893
1,225.6,3.72543,1.88532
1,225.7,3.70098,1.84171
1,225.8,3.67653,1.79809
1,225.9,3.65207,1.75448
1,226,3.62762,1.71087
1,226.1,3.60317,1.66726
1,226.2,3.57872,1.62364
1,226.3,3.55426,1.58003
1,226.4,3.52981,1.53642
1,226.5,3.50536,1.4928
1,226.6,3.48091,1.44919
1,226.7,3.45645,1.40558
1,226.8,3.432,1.36197
1,226.9,3.40755,1.31835
1,227,3.3831,1.27474
1,227.1,3.35864,1.23113
1,227.2,3.33419,1.18751
1,227.3,3.30974,1.1439
1,227.4,3.28529,1.10029
1,227.5,3.26083,1.05668
1,227.6,3.23638,1.01306
1,227.7,3.21193,0.96945
1,227.8,3.18748,0.925837
1,227.9,3.16303,0.882224
1,228,3.13857,0.838611
1,228.1,3.11412,0.794998
1,228.2,3.08967,0.751385
1,228.3,3.06522,0.707772
1,228.4,3.04076,0.66416
1,228.5,3.01631,0.620547
1,228.6,2.99186,0.576934
1,228.7,2.96741,0.533321
1,228.8,2.94295,0.489708
1,228.9,2.9185,0.446095
1,229,2.89405,0.402483
1,229.1,2.8696,0.35887
1,229.2,2.84514,0.315257
1,229.3,2.82069,0.271644
1,229.4,2.79624,0.228031
1,229.5,2.77179,0.184418
1,229.6,2.74733,0.140805
1,229.7,2.72288,0.0971926
1,229.8,2.69843,0.0535798
1,229.9,2.67398,0.00996692
1,230,2.64952,0.0336459
1,230.1,2.62507,0.0772588
1,230.2,2.60062,0.120872
1,230.3,2.57617,0.164484
1,230.4,2.55172,0.208097
1,230.5,2.52726,0.25171
1,230.6,2.50281,0.295323
1,230.7,2.47836,0.338936
1,230.8,2.45391,0.382549
1,230.9,2.42945,0.426162
1,231,2.405,0.469774
1,231.1,2.38055,0.513387
1,231.2,2.3561,0.557
1,231.3,2.33164,0.600613
1,231.4,2.30719,0.644226
1,231.5,2.28274,0.687839
1,231.6,2.25829,0.731451
1,231.7,2.23383,0.775064
1,231.8,2.20938,0.818677
1,231.9,2.18493,0.86229
1,232,2.16048,0.905903
1,232.1,2.13602,0.949516
1,232.2,2.11157,0.993129
1,232.3,2.08712,1.03674
1,232.4,2.06267,1.08035
1,232.5,2.03822,1.12397
1,232.6,2.01376,1.16758
1,232.7,1.98931,1.21119
1,232.8,1.96486,1.25481
1,232.9,1.94041,1.29842
1,233,1.91595,1.34203
1,233.1,1.8915,1.38564
1,233.2,1.86705,1.42926
1,233.3,1.8426,1.47287
1,233.4,1.81814,1.51648
1,233.5,1.79369,1.5601
1,233.6,1.76924,1.60371
1,233.7,1.74479,1.64732
1,233.8,1.72033,1.69093
1,233.9,1.69588,1.73455
1,234,1.67143,1.77816
1,234.1,1.64698,1.82177
1,234.2,1.62252,1.86539
1,234.3,1.59807,1.909
1,234.4,1.57362,1.95261
1,234.5,1.54917,1.99622
1,234.6,1.52471,2.03984
1,234.7,1.50026,2.08345
1,234.8,1.47581,2.12706
1,234.9,1.45136,2.17068
1,235,1.42691,2.21429
1,235.1,1.40245,2.2579
1,235.2,1.378,2.30151
1,235.3,1.35355,2.34513
1,235.4,1.3291,2.38874
1,235.5,1.30464,2.43235
1,235.6,1.28019,2.47597
1,235.7,1.25574,2.51958
1,235.8,1.23129,2.56319
1,235.9,1.20683,2.6068
1,236,1.18238,2.65042
1,236.1,1.15793,2.69403
1,236.2,1.13348,2.73764
1,236.3,1.10902,2.78126
1,236.4,1.08457,2.82487
1,236.5,1.06012,2.86848
1,236.6,1.03567,2.91209
1,236.7,1.01121,2.95571
1,236.8,0.986762,2.99932
1,236.9,0.96231,3.04293
1,237,0.937857,3.08655
1,237.1,0.913405,3.13016
1,237.2,0.888952,3.17377
1,237.3,0.8645,3.21738
1,237.4,0.840048,3.261
1,237.5,0.815595,3.30461
1,237.6,0.791143,3.34822
1,237.7,0.766691,3.39184
1,237.8,0.742238,3.43545
1,237.9,0.717786,3.47906
1,238,0.693333,3.52267
1,238.1,0.668881,3.56629
1,238.2,0.644429,3.6099
1,238.3,0.619976,3.65351
1,238.4,0.595524,3.69713
1,238.5,0.571071,3.74074
1,238.6,0.546619,3.78435
1,238.7,0.522167,3.82796
1,238.8,0.497714,3.87158
1,238.9,0.473262,3.91519
1,239,0.448809,3.9588
1,239.1,0.424357,4.00241
1,239.2,0.399905,4.04603
1,239.3,0.375452,4.08964
1,239.4,0.351,4.13325
1,239.5,0.326547,4.17687
1,239.6,0.302095,4.22048
1,239.7,0.277643,4.26409
1,239.8,0.25319,4.3077
1,239.9,0.228738,4.35132
1,240,0.204285,4.39493
1,240.1,0.179833,4.43854
1,240.2,0.155381,4.48216
1,240.3,0.130928,4.52577
1,240.4,0.106476,4.56938
1,240.5,0.0820234,4.61299
1,240.6,0.057571,4.65661
1,240.7,0.0331186,4.70022
1,240.8,0.00866625,4.74383
1,240.9,0.0157861,4.78745
1,241,0.0402385,4.83106
1,241.1,0.0646909,4.87467
1,241.2,0.0891433,4.91828
1,241.3,0.113596,4.9619
1,241.4,0.138048,4.99449
1,241.5,0.162501,4.95088
1,241.6,0.186953,4.90726
1,241.7,0.211405,4.86365
1,241.8,0.235858,4.82004
1,241.9,0.26031,4.77643
1,242,0.284762,4.73281
1,242.1,0.309215,4.6892
1,242.2,0.333667,4.64559
1,242.3,0.35812,4.60197
1,242.4,0.382572,4.55836
1,242.5,0.407024,4.51475
1,242.6,0.431477,4.47114
1,242.7,0.455929,4.42752
1,242.8,0.480382,4.38391
1,242.9,0.504834,4.3403
1,243,0.529286,4.29668
1,243.1,0.553739,4.25307
1,243.2,0.578191,4.20946
1,243.3,0.602644,4.16585
1,243.4,0.627096,4.12223
1,243.5,0.651548,4.07862
1,243.6,0.676001,4.03501
1,243.7,0.700453,3.99139
1,243.8,0.724906,3.94778
1,243.9,0.749358,3.90417
1,244,0.77381,3.86056
1,244.1,0.798263,3.81694
1,244.2,0.822715,3.77333
1,244.3,0.847168,3.72972
1,244.4,0.87162,3.6861
1,244.5,0.896072,3.64249
1,244.6,0.920525,3.59888
1,244.7,0.944977,3.55527
1,244.8,0.96943,3.51165
1,244.9,0.993882,3.46804
1,245,1.01833,3.42443
1,245.1,1.04279,3.38081
1,245.2,1.06724,3.3372
1,245.3,1.09169,3.29359
1,245.4,1.11614,3.24998
1,245.5,1.1406,3.20636
1,245.6,1.16505,3.16275
1,245.7,1.1895,3.11914
1,245.8,1.21395,3.07552
1,245.9,1.23841,3.03191
1,246,1.26286,2.9883
1,246.1,1.28731,2.94469
1,246.2,1.31176,2.90107
1,246.3,1.33622,2.85746
1,246.4,1.36067,2.81385
1,246.5,1.38512,2.77023
1,246.6,1.40957,2.72662
1,246.7,1.43403,2.68301
1,246.8,1.45848,2.6394
1,246.9,1.48293,2.59578
1,247,1.50738,2.55217
1,247.1,1.53183,2.50856
1,247.2,1.55629,2.46494
1,247.3,1.58074,2.42133
1,247.4,1.60519,2.37772
1,247.5,1.62964,2.33411
1,247.6,1.6541,2.29049
1,247.7,1.67855,2.24688
1,247.8,1.703,2.20327
1,247.9,1.72745,2.15965
1,248,1.75191,2.11604
1,248.1,1.77636,2.07243
1,248.2,1.80081,2.02882
1,248.3,1.82526,1.9852
1,248.4,1.84972,1.94159
1,248.5,1.87417,1.89798
1,248.6,1.89862,1.85436
1,248.7,1.92307,1.81075
1,248.8,1.94753,1.76714
1,248.9,1.97198,1.72353
1,249,1.99643,1.67991
1,249.1,2.02088,1.6363
1,249.2,2.04533,1.59269
1,249.3,2.06979,1.54907
1,249.4,2.09424,1.50546
1,249.5,2.11869,1.46185
1,249.6,2.14314,1.41824
1,249.7,2.1676,1.37462
1,249.8,2.19205,1.33101
1,249.9,2.2165,1.2874
1,250,2.24095,1.24378
1,250.1,2.26541,1.20017
1,250.2,2.28986,1.15656
1,250.3,2.31431,1.11295
1,250.4,2.33876,1.06933
1,250.5,2.36322,1.02572
1,250.6,2.38767,0.982108
1,250.7,2.41212,0.938495
1,250.8,2.43657,0.894882
1,250.9,2.46103,0.851269
1,251,2.48548,0.807656
1,251.1,2.50993,0.764043
1,251.2,2.53438,0.720431
1,251.3,2.55884,0.676818
1,251.4,2.58329,0.633205
1,251.5,2.60774,0.589592
1,251.6,2.63219,0.545979
1,251.7,2.65664,0.502366
1,251.8,2.6811,0.458754
1,251.9,2.70555,0.415141
1,252,2.73,0.371528
1,252.1,2.75445,0.327915
1,252.2,2.77891,0.284302
1,252.3,2.80336,0.240689
1,252.4,2.82781,0.197076
1,252.5,2.85226,0.153464
1,252.6,2.87672,0.109851
1,252.7,2.90117,0.066238
1,252.8,2.92562,0.0226251
1,252.9,2.95007,0.0209877
1,253,2.97453,0.0646006
1,253.1,2.99898,0.108213
1,253.2,3.02343,0.151826
1,253.3,3.04788,0.195439
1,253.4,3.07234,0.239052
1,253.5,3.09679,0.282665
1,253.6,3.12124,0.326278
1,253.7,3.14569,0.369891
1,253.8,3.17015,0.413503
1,253.9,3.1946,0.457116
1,254,3.21905,0.500729
1,254.1,3.2435,0.544342
1,254.2,3.26795,0.587955
1,254.3,3.29241,0.631568
1,254.4,3.31686,0.67518
1,254.5,3.34131,0.718793
1,254.6,3.36576,0.762406
1,254.7,3.39022,0.806019
1,254.8,3.41467,0.849632
1,254.9,3.43912,0.893245
1,255,3.46357,0.936858
1,255.1,3.48803,0.98047
1,255.2,3.51248,1.02408
1,255.3,3.53693,1.0677
1,255.4,3.56138,1.11131
1,255.5,3.58584,1.15492
1,255.6,3.61029,1.19853
1,255.7,3.63474,1.24215
1,255.8,3.65919,1.28576
1,255.9,3.68365,1.32937
1,256,3.7081,1.37299
1,256.1,3.73255,1.4166
1,256.2,3.757,1.46021
1,256.3,3.78146,1.50382
1,256.4,3.80591,1.54744
1,256.5,3.83036,1.59105
1,256.6,3.85481,1.63466
1,256.7,3.87926,1.67828
1,256.8,3.90372,1.72189
1,256.9,3.92817,1.7655
1,257,3.95262,1.80911
1,257.1,3.97707,1.85273
1,257.2,4.00153,1.89634
1,257.3,4.02598,1.93995
1,257.4,4.05043,1.98357
1,257.5,4.07488,2.02718
1,257.6,4.09934,2.07079
1,257.7,4.12379,2.1144
1,257.8,4.14824,2.15802
1,257.9,4.17269,2.20163
1,258,4.19715,2.24524
1,258.1,4.2216,2.28886
1,258.2,4.24605,2.33247
1,258.3,4.2705,2.37608
1,258.4,4.29496,2.41969
1,258.5,4.31941,2.46331
1,258.6,4.34386,2.50692
1,258.7,4.36831,2.55053
1,258.8,4.39276,2.59415
1,258.9,4.41722,2.63776
1,259,4.44167,2.68137
1,259.1,4.46612,2.72498
1,259.2,4.49057,2.7686
1,259.3,4.51503,2.81221
1,259.4,4.53948,2.85582
1,259.5,4.56393,2.89944
1,259.6,4.58838,2.94305
1,259.7,4.61284,2.98666
1,259.8,4.63729,3.03027
1,259.9,4.66174,3.07389
1,260,4.68619,3.1175
1,260.1,4.71065,3.16111
1,260.2,4.7351,3.20473
1,260.3,4.75955,3.24834
1,260.4,4.784,3.29195
1,260.5,4.80846,3.33556
1,260.6,4.83291,3.37918
1,260.7,4.85736,3.42279
1,260.8,4.88181,3.4664
1,260.9,4.90627,3.51002
1,261,4.93072,3.55363
1,261.1,4.95517,3.59724
1,261.2,4.97962,3.64085
1,261.3,4.99593,3.68447
1,261.4,4.97147,3.72808
1,261.5,4.94702,3.77169
1,261.6,4.92257,3.81531
1,261.7,4.89812,3.85892
1,261.8,4.87366,3.90253
1,261.9,4.84921,3.94614
1,262,4.82476,3.98976
1,262.1,4.80031,4.03337
1,262.2,4.77585,4.07698
1,262.3,4.7514,4.1206
1,262.4,4.72695,4.16421
1,262.5,4.7025,4.20782
1,262.6,4.67804,4.25143
1,262.7,4.65359,4.29505
1,262.8,4.62914,4.33866
1,262.9,4.60469,4.38227
1,263,4.58023,4.42589
1,263.1,4.55578,4.4695
1,263.2,4.53133,4.51311
1,263.3,4.50688,4.55672
1,263.4,4.48242,4.60034
1,263.5,4.45797,4.64395
1,263.6,4.43352,4.68756
1,263.7,4.40907,4.73118
1,263.8,4.38462,4.77479
1,263.9,4.36016,4.8184
1,264,4.33571,4.86201
1,264.1,4.31126,4.90563
1,264.2,4.28681,4.94924
1,264.3,4.26235,4.99285
1,264.4,4.2379,4.96353
1,264.5,4.21345,4.91992
1,264.6,4.189,4.87631
1,264.7,4.16454,4.8327
1,264.8,4.14009,4.78908
1,264.9,4.11564,4.74547
1,265,4.09119,4.70186
1,265.1,4.06673,4.65825
1,265.2,4.04228,4.61463
1,265.3,4.01783,4.57102
1,265.4,3.99338,4.52741
1,265.5,3.96892,4.48379
1,265.6,3.94447,4.44018
1,265.7,3.92002,4.39657
1,265.8,3.89557,4.35296
1,265.9,3.87112,4.30934
1,266,3.84666,4.26573
1,266.1,3.82221,4.22212
1,266.2,3.79776,4.1785
1,266.3,3.77331,4.13489
1,266.4,3.74885,4.09128
1,266.5,3.7244,4.04767
1,266.6,3.69995,4.00405
1,266.7,3.6755,3.96044
1,266.8,3.65104,3.91683
1,266.9,3.62659,3.87321
1,267,3.60214,3.8296
1,267.1,3.57769,3.78599
1,267.2,3.55323,3.74238
1,267.3,3.52878,3.69876
1,267.4,3.50433,3.65515
1,267.5,3.47988,3.61154
1,267.6,3.45542,3.56792
1,267.7,3.43097,3.52431
1,267.8,3.40652,3.4807
1,267.9,3.38207,3.43709
1,268,3.35761,3.39347
1,268.1,3.33316,3.34986
1,268.2,3.30871,3.30625
1,268.3,3.28426,3.26263
1,268.4,3.25981,3.21902
1,268.5,3.23535,3.17541
1,268.6,3.2109,3.1318
1,268.7,3.18645,3.08818
1,268.8,3.162,3.04457
1,268.9,3.13754,3.00096
1,269,3.11309,2.95734
1,269.1,3.08864,2.91373
1,269.2,3.06419,2.87012
1,269.3,3.03973,2.82651
1,269.4,3.01528,2.78289
1,269.5,2.99083,2.73928
1,269.6,2.96638,2.69567
1,269.7,2.94192,2.65205
1,269.8,2.91747,2.60844
1,269.9,2.89302,2.56483
1,270,2.86857,2.52122
1,270.1,2.84411,2.4776
1,270.2,2.81966,2.43399
1,270.3,2.79521,2.39038
1,270.4,2.77076,2.34676
1,270.5,2.7463,2.30315
1,270.6,2.72185,2.25954
1,270.7,2.6974,2.21593
1,270.8,2.67295,2.17231
1,270.9,2.6485,2.1287
1,271,2.62404,2.08509
1,271.1,2.59959,2.04147
1,271.2,2.57514,1.99786
1,271.3,2.55069,1.95425
1,271.4,2.52623,1.91064
1,271.5,2.50178,1.86702
1,271.6,2.47733,1.82341
1,271.7,2.45288,1.7798
1,271.8,2.42842,1.73618
1,271.9,2.40397,1.69257
1,272,2.37952,1.64896
1,272.1,2.35507,1.60535
1,272.2,2.33061,1.56173
1,272.3,2.30616,1.51812
1,272.4,2.28171,1.47451
1,272.5,2.25726,1.43089
1,272.6,2.2328,1.38728
1,272.7,2.20835,1.34367
1,272.8,2.1839,1.30006
1,272.9,2.15945,1.25644
1,273,2.13499,1.21283
1,273.1,2.11054,1.16922
1,273.2,2.08609,1.1256
1,273.3,2.06164,1.08199
1,273.4,2.03719,1.03838
1,273.5,2.01273,0.994766
1,273.6,1.98828,0.951153
1,273.7,1.96383,0.90754
1,273.8,1.93938,0.863927
1,273.9,1.91492,0.820315
1,274,1.89047,0.776702
1,274.1,1.86602,0.733089
1,274.2,1.84157,0.689476
1,274.3,1.81711,0.645863
1,274.4,1.79266,0.60225
1,274.5,1.76821,0.558637
1,274.6,1.74376,0.515025
1,274.7,1.7193,0.471412
1,274.8,1.69485,0.427799
1,274.9,1.6704,0.384186
1,275,1.64595,0.340573
1,275.1,1.62149,0.29696
1,275.2,1.59704,0.253348
1,275.3,1.57259,0.209735
1,275.4,1.54814,0.166122
1,275.5,1.52369,0.122509
1,275.6,1.49923,0.0788962
1,275.7,1.47478,0.0352833
1,275.8,1.45033,0.00832954
1,275.9,1.42588,0.0519424
1,276,1.40142,0.0955552
1,276.1,1.37697,0.139168
1,276.2,1.35252,0.182781
1,276.3,1.32807,0.226394
1,276.4,1.30361,0.270007
1,276.5,1.27916,0.313619
1,276.6,1.25471,0.357232
1,276.7,1.23026,0.400845
1,276.8,1.2058,0.444458
1,276.9,1.18135,0.488071
1,277,1.1569,0.531684
1,277.1,1.13245,0.575297
1,277.2,1.10799,0.618909
1,277.3,1.08354,0.662522
1,277.4,1.05909,0.706135
1,277.5,1.03464,0.749748
1,277.6,1.01018,0.793361
1,277.7,0.985732,0.836974
1,277.8,0.96128,0.880586
1,277.9,0.936828,0.924199
1,278,0.912375,0.967812
1,278.1,0.887923,1.01143
1,278.2,0.86347,1.05504
1,278.3,0.839018,1.09865
1,278.4,0.814566,1.14226
1,278.5,0.790113,1.18588
1,278.6,0.765661,1.22949
1,278.7,0.741208,1.2731
1,278.8,0.716756,1.31671
1,278.9,0.692304,1.36033
1,279,0.667851,1.40394
1,279.1,0.643399,1.44755
1,279.2,0.618946,1.49117
1,279.3,0.594494,1.53478
1,279.4,0.570042,1.57839
1,279.5,0.545589,1.622
1,279.6,0.521137,1.66562
1,279.7,0.496684,1.70923
1,279.8,0.472232,1.75284
1,279.9,0.44778,1.79646
1,280,0.423327,1.84007
1,280.1,0.398875,1.88368
1,280.2,0.374423,1.92729
1,280.3,0.34997,1.97091
1,280.4,0.325518,2.01452
1,280.5,0.301065,2.05813
1,280.6,0.276613,2.10175
1,280.7,0.252161,2.14536
1,280.8,0.227708,2.18897
1,280.9,0.203256,2.23258
1,281,0.178803,2.2762
1,281.1,0.154351,2.31981
1,281.2,0.129899,2.36342
1,281.3,0.105446,2.40704
1,281.4,0.0809938,2.45065
1,281.5,0.0565414,2.49426
1,281.6,0.032089,2.53787
1,281.7,0.00763657,2.58149
1,281.8,0.0168158,2.6251
1,281.9,0.0412682,2.66871
1,282,0.0657206,2.71233
1,282.1,0.090173,2.75594
1,282.2,0.114625,2.79955
1,282.3,0.139078,2.84316
1,282.4,0.16353,2.88678
1,282.5,0.187983,2.93039
1,282.6,0.212435,2.974
1,282.7,0.236887,3.01762
1,282.8,0.26134,3.06123
1,282.9,0.285792,3.10484
1,283,0.310245,3.14845
1,283.1,0.334697,3.19207
1,283.2,0.359149,3.23568
1,283.3,0.383602,3.27929
1,283.4,0.408054,3.32291
1,283.5,0.432507,3.36652
1,283.6,0.456959,3.41013
1,283.7,0.481411,3.45374
1,283.8,0.505864,3.49736
1,283.9,0.530316,3.54097
1,284,0.554769,3.58458
1,284.1,0.579221,3.6282
1,284.2,0.603673,3.67181
1,284.3,0.628126,3.71542
1,284.4,0.652578,3.75903
1,284.5,0.67703,3.80265
1,284.6,0.701483,3.84626
1,284.7,0.725935,3.88987
1,284.8,0.750388,3.93349
1,284.9,0.77484,3.9771
1,285,0.799292,4.02071
1,285.1,0.823745,4.06432
1,285.2,0.848197,4.10794
1,285.3,0.87265,4.15155
1,285.4,0.897102,4.19516
1,285.5,0.921554,4.23878
1,285.6,0.946007,4.28239
1,285.7,0.970459,4.326
1,285.8,0.994912,4.36961
1,285.9,1.01936,4.41323
1,286,1.04382,4.45684
1,286.1,1.06827,4.50045
1,286.2,1.09272,4.54407
1,286.3,1.11717,4.58768
1,286.4,1.14163,4.63129
1,286.5,1.16608,4.6749
1,286.6,1.19053,4.71852
1,286.7,1.21498,4.76213
1,286.8,1.23944,4.80574
1,286.9,1.26389,4.84936
1,287,1.28834,4.89297
1,287.1,1.31279,4.93658
1,287.2,1.33725,4.98019
1,287.3,1.3617,4.97619
1,287.4,1.38615,4.93258
1,287.5,1.4106,4.88897
1,287.6,1.43505,4.84535
1,287.7,1.45951,4.80174
1,287.8,1.48396,4.75813
1,287.9,1.50841,4.71452
1,288,1.53286,4.6709
1,288.1,1.55732,4.62729
1,288.2,1.58177,4.58368
1,288.3,1.60622,4.54006
1,288.4,1.63067,4.49645
1,288.5,1.65513,4.45284
1,288.6,1.67958,4.40923
1,288.7,1.70403,4.36561
1,288.8,1.72848,4.322
1,288.9,1.75294,4.27839
1,289,1.77739,4.23477
1,289.1,1.80184,4.19116
1,289.2,1.82629,4.14755
1,289.3,1.85075,4.10394
1,289.4,1.8752,4.06032
1,289.5,1.89965,4.01671
1,289.6,1.9241,3.9731
1,289.7,1.94856,3.92948
1,289.8,1.97301,3.88587
1,289.9,1.99746,3.84226
1,290,2.02191,3.79865
1,290.1,2.04636,3.75503
1,290.2,2.07082,3.71142
1,290.3,2.09527,3.66781
1,290.4,2.11972,3.62419
1,290.5,2.14417,3.58058
1,290.6,2.16863,3.53697
1,290.7,2.19308,3.49336
1,290.8,2.21753,3.44974
1,290.9,2.24198,3.40613
1,291,2.26644,3.36252
1,291.1,2.29089,3.3189
1,291.2,2.31534,3.27529
1,291.3,2.33979,3.23168
1,291.4,2.36425,3.18807
1,291.5,2.3887,3.14445
1,291.6,2.41315,3.10084
1,291.7,2.4376,3.05723
1,291.8,2.46206,3.01362
1,291.9,2.48651,2.97
1,292,2.51096,2.92639
1,292.1,2.53541,2.88278
1,292.2,2.55986,2.83916
1,292.3,2.58432,2.79555
1,292.4,2.60877,2.75194
1,292.5,2.63322,2.70833
1,292.6,2.65767,2.66471
1,292.7,2.68213,2.6211
1,292.8,2.70658,2.57749
1,292.9,2.73103,2.53387
1,293,2.75548,2.49026
1,293.1,2.77994,2.44665
1,293.2,2.80439,2.40304
1,293.3,2.82884,2.35942
1,293.4,2.85329,2.31581
1,293.5,2.87775,2.2722
1,293.6,2.9022,2.22858
1,293.7,2.92665,2.18497
1,293.8,2.9511,2.14136
1,293.9,2.97556,2.09775
1,294,3.00001,2.05413
1,294.1,3.02446,2.01052
1,294.2,3.04891,1.96691
1,294.3,3.07337,1.92329
1,294.4,3.09782,1.87968
1,294.5,3.12227,1.83607
1,294.6,3.14672,1.79246
1,294.7,3.17117,1.74884
1,294.8,3.19563,1.70523
1,294.9,3.22008,1.66162
1,295,3.24453,1.618
1,295.1,3.26898,1.57439
1,295.2,3.29344,1.53078
1,295.3,3.31789,1.48717
1,295.4,3.34234,1.44355
1,295.5,3.36679,1.39994
1,295.6,3.39125,1.35633
1,295.7,3.4157,1.31271
1,295.8,3.44015,1.2691
1,295.9,3.4646,1.22549
1,296,3.48906,1.18188
1,296.1,3.51351,1.13826
1,296.2,3.53796,1.09465
1,296.3,3.56241,1.05104
1,296.4,3.58687,1.00742
1,296.5,3.61132,0.963811
1,296.6,3.63577,0.920198
1,296.7,3.66022,0.876586
1,296.8,3.68468,0.832973
1,296.9,3.70913,0.78936
1,297,3.73358,0.745747
1,297.1,3.75803,0.702134
1,297.2,3.78248,0.658521
1,297.3,3.80694,0.614909
1,297.4,3.83139,0.571296
1,297.5,3.85584,0.527683
1,297.6,3.88029,0.48407
1,297.7,3.90475,0.440457
1,297.8,3.9292,0.396844
1,297.9,3.95365,0.353231
1,298,3.9781,0.309619
1,298.1,4.00256,0.266006
1,298.2,4.02701,0.222393
1,298.3,4.05146,0.17878
1,298.4,4.07591,0.135167
1,298.5,4.10037,0.0915543
1,298.6,4.12482,0.0479415
1,298.7,4.14927,0.00432865
1,298.8,4.17372,0.0392842
1,298.9,4.19818,0.082897
1,299,4.22263,0.12651
1,299.1,4.24708,0.170123
1,299.2,4.27153,0.213736
1,299.3,4.29598,0.257348
1,299.4,4.32044,0.300961
1,299.5,4.34489,0.344574
1,299.6,4.36934,0.388187
1,299.7,4.39379,0.4318
1,299.8,4.41825,0.475413
1,299.9,4.4427,0.519026
1,300,4.46715,0.562638
