1,0.1,1.15887,0.188675
1,0.2,1.20778,0.101449
1,0.3,1.25668,0.0142235
1,0.4,1.30559,0.0730022
1,0.5,1.35449,0.160228
1,0.6,1.40339,0.247454
1,0.7,1.4523,0.334679
1,0.8,1.5012,0.421905
1,0.9,1.55011,0.509131
1,1,1.59901,0.596356
1,1.1,1.64792,0.683582
1,1.2,1.69682,0.770808
1,1.3,1.74573,0.858033
1,1.4,1.79463,0.945259
1,1.5,1.84354,1.03248
1,1.6,1.89244,1.11971
1,1.7,1.94135,1.20694
1,1.8,1.99025,1.29416
1,1.9,2.03916,1.38139
1,2,2.08806,1.46861
1,2.1,2.13697,1.55584
1,2.2,2.18587,1.64306
1,2.3,2.23478,1.73029
1,2.4,2.28368,1.81752
1,2.5,2.33259,1.90474
1,2.6,2.38149,1.99197
1,2.7,2.4304,2.07919
1,2.8,2.4793,2.16642
1,2.9,2.5282,2.25364
1,3,2.57711,2.34087
1,3.1,2.62601,2.4281
1,3.2,2.67492,2.51532
1,3.3,2.72382,2.60255
1,3.4,2.77273,2.68977
1,3.5,2.82163,2.777
1,3.6,2.87054,2.86422
1,3.7,2.91944,2.95145
1,3.8,2.96835,3.03868
1,3.9,3.01725,3.1259
1,4,3.06616,3.21313
1,4.1,3.11506,3.30035
1,4.2,3.16397,3.38758
1,4.3,3.21287,3.4748
1,4.4,3.26178,3.56203
1,4.5,3.31068,3.64926
1,4.6,3.35959,3.73648
1,4.7,3.40849,3.82371
1,4.8,3.4574,3.91093
1,4.9,3.5063,3.99816
1,5,3.55521,4.08538
1,5.1,3.60411,4.17261
1,5.2,3.65301,4.25984
1,5.3,3.70192,4.34706
1,5.4,3.75082,4.43429
1,5.5,3.79973,4.52151
1,5.6,3.84863,4.60874
1,5.7,3.89754,4.69596
1,5.8,3.94644,4.78319
1,5.9,3.99535,4.87042
1,6,4.04425,4.95764
1,6.1,4.09316,4.95513
1,6.2,4.14206,4.86791
1,6.3,4.19097,4.78068
1,6.4,4.23987,4.69346
1,6.5,4.28878,4.60623
1,6.6,4.33768,4.519
1,6.7,4.38659,4.43178
1,6.8,4.43549,4.34455
1,6.9,4.4844,4.25733
1,7,4.5333,4.1701
1,7.1,4.58221,4.08288
1,7.2,4.63111,3.99565
1,7.3,4.68002,3.90843
1,7.4,4.72892,3.8212
1,7.5,4.77783,3.73397
1,7.6,4.82673,3.64675
1,7.7,4.87563,3.55952
1,7.8,4.92454,3.4723
1,7.9,4.97344,3.38507
1,8,4.97765,3.29785
1,8.1,4.92875,3.21062
1,8.2,4.87984,3.12339
1,8.3,4.83094,3.03617
1,8.4,4.78203,2.94894
1,8.5,4.73313,2.86172
1,8.6,4.68422,2.77449
1,8.7,4.63532,2.68727
1,8.8,4.58641,2.60004
1,8.9,4.53751,2.51281
1,9,4.4886,2.42559
1,9.1,4.4397,2.33836
1,9.2,4.39079,2.25114
1,9.3,4.34189,2.16391
1,9.4,4.29298,2.07669
1,9.5,4.24408,1.98946
1,9.6,4.19517,1.90223
1,9.7,4.14627,1.81501
1,9.8,4.09736,1.72778
1,9.9,4.04846,1.64056
1,10,3.99956,1.55333
1,10.1,3.95065,1.46611
1,10.2,3.90175,1.37888
1,10.3,3.85284,1.29165
1,10.4,3.80394,1.20443
1,10.5,3.75503,1.1172
1,10.6,3.70613,1.02998
1,10.7,3.65722,0.942751
1,10.8,3.60832,0.855526
1,10.9,3.55941,0.7683
1,11,3.51051,0.681074
1,11.1,3.4616,0.593849
1,11.2,3.4127,0.506623
1,11.3,3.36379,0.419397
1,11.4,3.31489,0.332172
1,11.5,3.26598,0.244946
1,11.6,3.21708,0.15772
1,11.7,3.16817,0.0704946
1,11.8,3.11927,0.0167311
1,11.9,3.07036,0.103957
1,12,3.02146,0.191183
1,12.1,2.97255,0.278408
1,12.2,2.92365,0.365634
1,12.3,2.87474,0.45286
1,12.4,2.82584,0.540085
1,12.5,2.77694,0.627311
1,12.6,2.72803,0.714537
1,12.7,2.67913,0.801762
1,12.8,2.63022,0.888988
1,12.9,2.58132,0.976214
1,13,2.53241,1.06344
1,13.1,2.48351,1.15067
1,13.2,2.4346,1.23789
1,13.3,2.3857,1.32512
1,13.4,2.33679,1.41234
1,13.5,2.28789,1.49957
1,13.6,2.23898,1.58679
1,13.7,2.19008,1.67402
1,13.8,2.14117,1.76124
1,13.9,2.09227,1.84847
1,14,2.04336,1.9357
1,14.1,1.99446,2.02292
1,14.2,1.94555,2.11015
1,14.3,1.89665,2.19737
1,14.4,1.84774,2.2846
1,14.5,1.79884,2.37182
1,14.6,1.74993,2.45905
1,14.7,1.70103,2.54628
1,14.8,1.65213,2.6335
1,14.9,1.60322,2.72073
1,15,1.55432,2.80795
1,15.1,1.50541,2.89518
1,15.2,1.45651,2.9824
1,15.3,1.4076,3.06963
1,15.4,1.3587,3.15686
1,15.5,1.30979,3.24408
1,15.6,1.26089,3.33131
1,15.7,1.21198,3.41853
1,15.8,1.16308,3.50576
1,15.9,1.11417,3.59298
1,16,1.06527,3.68021
1,16.1,1.01636,3.76744
1,16.2,0.967458,3.85466
1,16.3,0.918553,3.94189
1,16.4,0.869648,4.02911
1,16.5,0.820744,4.11634
1,16.6,0.771839,4.20356
1,16.7,0.722934,4.29079
1,16.8,0.674029,4.37802
1,16.9,0.625125,4.46524
1,17,0.57622,4.55247
1,17.1,0.527315,4.63969
1,17.2,0.47841,4.72692
1,17.3,0.429505,4.81414
1,17.4,0.380601,4.90137
1,17.5,0.331696,4.9886
1,17.6,0.282791,4.92418
1,17.7,0.233886,4.83695
1,17.8,0.184981,4.74973
1,17.9,0.136077,4.6625
1,18,0.0871718,4.57528
1,18.1,0.038267,4.48805
1,18.2,0.0106377,4.40082
1,18.3,0.0595425,4.3136
1,18.4,0.108447,4.22637
1,18.5,0.157352,4.13915
1,18.6,0.206257,4.05192
1,18.7,0.255162,3.9647
1,18.8,0.304066,3.87747
1,18.9,0.352971,3.79024
1,19,0.401876,3.70302
1,19.1,0.450781,3.61579
1,19.2,0.499686,3.52857
1,19.3,0.54859,3.44134
1,19.4,0.597495,3.35412
1,19.5,0.6464,3.26689
1,19.6,0.695305,3.17966
1,19.7,0.74421,3.09244
1,19.8,0.793114,3.00521
1,19.9,0.842019,2.91799
1,20,0.890924,2.83076
1,20.1,0.939829,2.74354
1,20.2,0.988734,2.65631
1,20.3,1.03764,2.56908
1,20.4,1.08654,2.48186
1,20.5,1.13545,2.39463
1,20.6,1.18435,2.30741
1,20.7,1.23326,2.22018
1,20.8,1.28216,2.13296
1,20.9,1.33107,2.04573
1,21,1.37997,1.95851
1,21.1,1.42888,1.87128
1,21.2,1.47778,1.78405
1,21.3,1.52669,1.69683
1,21.4,1.57559,1.6096
1,21.5,1.6245,1.52238
1,21.6,1.6734,1.43515
1,21.7,1.72231,1.34793
1,21.8,1.77121,1.2607
1,21.9,1.82011,1.17347
1,22,1.86902,1.08625
1,22.1,1.91792,0.999023
1,22.2,1.96683,0.911797
1,22.3,2.01573,0.824571
1,22.4,2.06464,0.737345
1,22.5,2.11354,0.65012
1,22.6,2.16245,0.562894
1,22.7,2.21135,0.475668
1,22.8,2.26026,0.388443
1,22.9,2.30916,0.301217
1,23,2.35807,0.213991
1,23.1,2.40697,0.126766
1,23.2,2.45588,0.0395399
1,23.3,2.50478,0.0476858
1,23.4,2.55369,0.134911
1,23.5,2.60259,0.222137
1,23.6,2.6515,0.309363
1,23.7,2.7004,0.396589
1,23.8,2.74931,0.483814
1,23.9,2.79821,0.57104
1,24,2.84712,0.658266
1,24.1,2.89602,0.745491
1,24.2,2.94493,0.832717
1,24.3,2.99383,0.919943
1,24.4,3.04273,1.00717
1,24.5,3.09164,1.09439
1,24.6,3.14054,1.18162
1,24.7,3.18945,1.26885
1,24.8,3.23835,1.35607
1,24.9,3.28726,1.4433
1,25,3.33616,1.53052
1,25.1,3.38507,1.61775
1,25.2,3.43397,1.70497
1,25.3,3.48288,1.7922
1,25.4,3.53178,1.87943
1,25.5,3.58069,1.96665
1,25.6,3.62959,2.05388
1,25.7,3.6785,2.1411
1,25.8,3.7274,2.22833
1,25.9,3.77631,2.31555
1,26,3.82521,2.40278
1,26.1,3.87412,2.49001
1,26.2,3.92302,2.57723
1,26.3,3.97193,2.66446
1,26.4,4.02083,2.75168
1,26.5,4.06974,2.83891
1,26.6,4.11864,2.92613
1,26.7,4.16754,3.01336
1,26.8,4.21645,3.10059
1,26.9,4.26535,3.18781
1,27,4.31426,3.27504
1,27.1,4.36316,3.36226
1,27.2,4.41207,3.44949
1,27.3,4.46097,3.53671
1,27.4,4.50988,3.62394
1,27.5,4.55878,3.71116
1,27.6,4.60769,3.79839
1,27.7,4.65659,3.88562
1,27.8,4.7055,3.97284
1,27.9,4.7544,4.06007
1,28,4.80331,4.14729
1,28.1,4.85221,4.23452
1,28.2,4.90112,4.32174
1,28.3,4.95002,4.40897
1,28.4,4.99893,4.4962
1,28.5,4.95217,4.58342
1,28.6,4.90326,4.67065
1,28.7,4.85436,4.75787
1,28.8,4.80545,4.8451
1,28.9,4.75655,4.93232
1,29,4.70764,4.98045
1,29.1,4.65874,4.89322
1,29.2,4.60984,4.806
1,29.3,4.56093,4.71877
1,29.4,4.51203,4.63155
1,29.5,4.46312,4.54432
1,29.6,4.41422,4.4571
1,29.7,4.36531,4.36987
1,29.8,4.31641,4.28264
1,29.9,4.2675,4.19542
1,30,4.2186,4.10819
1,30.1,4.16969,4.02097
1,30.2,4.12079,3.93374
1,30.3,4.07188,3.84652
1,30.4,4.02298,3.75929
1,30.5,3.97407,3.67206
1,30.6,3.92517,3.58484
1,30.7,3.87626,3.49761
1,30.8,3.82736,3.41039
1,30.9,3.77845,3.32316
1,31,3.72955,3.23594
1,31.1,3.68064,3.14871
1,31.2,3.63174,3.06148
1,31.3,3.58283,2.97426
1,31.4,3.53393,2.88703
1,31.5,3.48503,2.79981
1,31.6,3.43612,2.71258
1,31.7,3.38722,2.62536
1,31.8,3.33831,2.53813
1,31.9,3.28941,2.4509
1,32,3.2405,2.36368
1,32.1,3.1916,2.27645
1,32.2,3.14269,2.18923
1,32.3,3.09379,2.102
1,32.4,3.04488,2.01478
1,32.5,2.99598,1.92755
1,32.6,2.94707,1.84032
1,32.7,2.89817,1.7531
1,32.8,2.84926,1.66587
1,32.9,2.80036,1.57865
1,33,2.75145,1.49142
1,33.1,2.70255,1.4042
1,33.2,2.65364,1.31697
1,33.3,2.60474,1.22974
1,33.4,2.55583,1.14252
1,33.5,2.50693,1.05529
1,33.6,2.45802,0.968068
1,33.7,2.40912,0.880842
1,33.8,2.36021,0.793616
1,33.9,2.31131,0.706391
1,34,2.26241,0.619165
1,34.1,2.2135,0.531939
1,34.2,2.1646,0.444714
1,34.3,2.11569,0.357488
1,34.4,2.06679,0.270262
1,34.5,2.01788,0.183037
1,34.6,1.96898,0.095811
1,34.7,1.92007,0.00858526
1,34.8,1.87117,0.0786404
1,34.9,1.82226,0.165866
1,35,1.77336,0.253092
1,35.1,1.72445,0.340318
1,35.2,1.67555,0.427543
1,35.3,1.62664,0.514769
1,35.4,1.57774,0.601995
1,35.5,1.52883,0.68922
1,35.6,1.47993,0.776446
1,35.7,1.43102,0.863672
1,35.8,1.38212,0.950897
1,35.9,1.33321,1.03812
1,36,1.28431,1.12535
1,36.1,1.2354,1.21257
1,36.2,1.1865,1.2998
1,36.3,1.1376,1.38703
1,36.4,1.08869,1.47425
1,36.5,1.03979,1.56148
1,36.6,0.990881,1.6487
1,36.7,0.941976,1.73593
1,36.8,0.893071,1.82315
1,36.9,0.844166,1.91038
1,37,0.795262,1.99761
1,37.1,0.746357,2.08483
1,37.2,0.697452,2.17206
1,37.3,0.648547,2.25928
1,37.4,0.599642,2.34651
1,37.5,0.550738,2.43373
1,37.6,0.501833,2.52096
1,37.7,0.452928,2.60819
1,37.8,0.404023,2.69541
1,37.9,0.355119,2.78264
1,38,0.306214,2.86986
1,38.1,0.257309,2.95709
1,38.2,0.208404,3.04431
1,38.3,0.159499,3.13154
1,38.4,0.110595,3.21877
1,38.5,0.0616898,3.30599
1,38.6,0.012785,3.39322
1,38.7,0.0361198,3.48044
1,38.8,0.0850246,3.56767
1,38.9,0.133929,3.65489
1,39,0.182834,3.74212
1,39.1,0.231739,3.82935
1,39.2,0.280644,3.91657
1,39.3,0.329549,4.0038
1,39.4,0.378453,4.09102
1,39.5,0.427358,4.17825
1,39.6,0.476263,4.26547
1,39.7,0.525168,4.3527
1,39.8,0.574073,4.43993
1,39.9,0.622977,4.52715
1,40,0.671882,4.61438
1,40.1,0.720787,4.7016
1,40.2,0.769692,4.78883
1,40.3,0.818596,4.87605
1,40.4,0.867501,4.96328
1,40.5,0.916406,4.9495
1,40.6,0.965311,4.86227
1,40.7,1.01422,4.77504
1,40.8,1.06312,4.68782
1,40.9,1.11203,4.60059
1,41,1.16093,4.51337
1,41.1,1.20983,4.42614
1,41.2,1.25874,4.33892
1,41.3,1.30764,4.25169
1,41.4,1.35655,4.16446
1,41.5,1.40545,4.07724
1,41.6,1.45436,3.99001
1,41.7,1.50326,3.90279
1,41.8,1.55217,3.81556
1,41.9,1.60107,3.72834
1,42,1.64998,3.64111
1,42.1,1.69888,3.55388
1,42.2,1.74779,3.46666
1,42.3,1.79669,3.37943
1,42.4,1.8456,3.29221
1,42.5,1.8945,3.20498
1,42.6,1.94341,3.11776
1,42.7,1.99231,3.03053
1,42.8,2.04122,2.9433
1,42.9,2.09012,2.85608
1,43,2.13903,2.76885
1,43.1,2.18793,2.68163
1,43.2,2.23684,2.5944
1,43.3,2.28574,2.50718
1,43.4,2.33464,2.41995
1,43.5,2.38355,2.33272
1,43.6,2.43245,2.2455
1,43.7,2.48136,2.15827
1,43.8,2.53026,2.07105
1,43.9,2.57917,1.98382
1,44,2.62807,1.8966
1,44.1,2.67698,1.80937
1,44.2,2.72588,1.72214
1,44.3,2.77479,1.63492
1,44.4,2.82369,1.54769
1,44.5,2.8726,1.46047
1,44.6,2.9215,1.37324
1,44.7,2.97041,1.28602
1,44.8,3.01931,1.19879
1,44.9,3.06822,1.11156
1,45,3.11712,1.02434
1,45.1,3.16603,0.937113
1,45.2,3.21493,0.849888
1,45.3,3.26384,0.762662
1,45.4,3.31274,0.675436
1,45.5,3.36165,0.58821
1,45.6,3.41055,0.500985
1,45.7,3.45946,0.413759
1,45.8,3.50836,0.326533
1,45.9,3.55726,0.239308
1,46,3.60617,0.152082
1,46.1,3.65507,0.0648563
1,46.2,3.70398,0.0223694
1,46.3,3.75288,0.109595
1,46.4,3.80179,0.196821
1,46.5,3.85069,0.284046
1,46.6,3.8996,0.371272
1,46.7,3.9485,0.458498
1,46.8,3.99741,0.545724
1,46.9,4.04631,0.632949
1,47,4.09522,0.720175
1,47.1,4.14412,0.807401
1,47.2,4.19303,0.894626
1,47.3,4.24193,0.981852
1,47.4,4.29084,1.06908
1,47.5,4.33974,1.1563
1,47.6,4.38865,1.24353
1,47.7,4.43755,1.33075
1,47.8,4.48646,1.41798
1,47.9,4.53536,1.50521
1,48,4.58427,1.59243
1,48.1,4.63317,1.67966
1,48.2,4.68207,1.76688
1,48.3,4.73098,1.85411
1,48.4,4.77988,1.94133
1,48.5,4.82879,2.02856
1,48.6,4.87769,2.11579
1,48.7,4.9266,2.20301
1,48.8,4.9755,2.29024
1,48.9,4.97559,2.37746
1,49,4.92669,2.46469
1,49.1,4.87778,2.55191
1,49.2,4.82888,2.63914
1,49.3,4.77997,2.72637
1,49.4,4.73107,2.81359
1,49.5,4.68216,2.90082
1,49.6,4.63326,2.98804
1,49.7,4.58435,3.07527
1,49.8,4.53545,3.16249
1,49.9,4.48654,3.24972
1,50,4.43764,3.33695
1,50.1,4.38873,3.42417
1,50.2,4.33983,3.5114
1,50.3,4.29092,3.59862
1,50.4,4.24202,3.68585
1,50.5,4.19311,3.77307
1,50.6,4.14421,3.8603
1,50.7,4.09531,3.94753
1,50.8,4.0464,4.03475
1,50.9,3.9975,4.12198
1,51,3.94859,4.2092
1,51.1,3.89969,4.29643
1,51.2,3.85078,4.38365
1,51.3,3.80188,4.47088
1,51.4,3.75297,4.55811
1,51.5,3.70407,4.64533
1,51.6,3.65516,4.73256
1,51.7,3.60626,4.81978
1,51.8,3.55735,4.90701
1,51.9,3.50845,4.99423
1,52,3.45954,4.91854
1,52.1,3.41064,4.83131
1,52.2,3.36173,4.74409
1,52.3,3.31283,4.65686
1,52.4,3.26392,4.56964
1,52.5,3.21502,4.48241
1,52.6,3.16611,4.39519
1,52.7,3.11721,4.30796
1,52.8,3.0683,4.22073
1,52.9,3.0194,4.13351
1,53,2.9705,4.04628
1,53.1,2.92159,3.95906
1,53.2,2.87269,3.87183
1,53.3,2.82378,3.78461
1,53.4,2.77488,3.69738
1,53.5,2.72597,3.61016
1,53.6,2.67707,3.52293
1,53.7,2.62816,3.4357
1,53.8,2.57926,3.34848
1,53.9,2.53035,3.26125
1,54,2.48145,3.17403
1,54.1,2.43254,3.0868
1,54.2,2.38364,2.99958
1,54.3,2.33473,2.91235
1,54.4,2.28583,2.82512
1,54.5,2.23692,2.7379
1,54.6,2.18802,2.65067
1,54.7,2.13911,2.56345
1,54.8,2.09021,2.47622
1,54.9,2.0413,2.389
1,55,1.9924,2.30177
1,55.1,1.94349,2.21454
1,55.2,1.89459,2.12732
1,55.3,1.84568,2.04009
1,55.4,1.79678,1.95287
1,55.5,1.74788,1.86564
1,55.6,1.69897,1.77842
1,55.7,1.65007,1.69119
1,55.8,1.60116,1.60396
1,55.9,1.55226,1.51674
1,56,1.50335,1.42951
1,56.1,1.45445,1.34229
1,56.2,1.40554,1.25506
1,56.3,1.35664,1.16784
1,56.4,1.30773,1.08061
1,56.5,1.25883,0.993384
1,56.6,1.20992,0.906159
1,56.7,1.16102,0.818933
1,56.8,1.11211,0.731707
1,56.9,1.06321,0.644481
1,57,1.0143,0.557256
1,57.1,0.965399,0.47003
1,57.2,0.916494,0.382804
1,57.3,0.867589,0.295579
1,57.4,0.818684,0.208353
1,57.5,0.76978,0.121127
1,57.6,0.720875,0.0339016
1,57.7,0.67197,0.053324
1,57.8,0.623065,0.14055
1,57.9,0.57416,0.227775
1,58,0.525256,0.315001
1,58.1,0.476351,0.402227
1,58.2,0.427446,0.489453
1,58.3,0.378541,0.576678
1,58.4,0.329636,0.663904
1,58.5,0.280732,0.75113
1,58.6,0.231827,0.838355
1,58.7,0.182922,0.925581
1,58.8,0.134017,1.01281
1,58.9,0.0851125,1.10003
1,59,0.0362077,1.18726
1,59.1,0.0126971,1.27448
1,59.2,0.0616019,1.36171
1,59.3,0.110507,1.44894
1,59.4,0.159411,1.53616
1,59.5,0.208316,1.62339
1,59.6,0.257221,1.71061
1,59.7,0.306126,1.79784
1,59.8,0.355031,1.88506
1,59.9,0.403935,1.97229
1,60,0.45284,2.05951
1,60.1,0.501745,2.14674
1,60.2,0.55065,2.23397
1,60.3,0.599555,2.32119
1,60.4,0.648459,2.40842
1,60.5,0.697364,2.49564
1,60.6,0.746269,2.58287
1,60.7,0.795174,2.67009
1,60.8,0.844079,2.75732
1,60.9,0.892983,2.84455
1,61,0.941888,2.93177
1,61.1,0.990793,3.019
1,61.2,1.0397,3.10622
1,61.3,1.0886,3.19345
1,61.4,1.13751,3.28067
1,61.5,1.18641,3.3679
1,61.6,1.23532,3.45513
1,61.7,1.28422,3.54235
1,61.8,1.33313,3.62958
1,61.9,1.38203,3.7168
1,62,1.43094,3.80403
1,62.1,1.47984,3.89125
1,62.2,1.52875,3.97848
1,62.3,1.57765,4.06571
1,62.4,1.62656,4.15293
1,62.5,1.67546,4.24016
1,62.6,1.72436,4.32738
1,62.7,1.77327,4.41461
1,62.8,1.82217,4.50183
1,62.9,1.87108,4.58906
1,63,1.91998,4.67629
1,63.1,1.96889,4.76351
1,63.2,2.01779,4.85074
1,63.3,2.0667,4.93796
1,63.4,2.1156,4.97481
1,63.5,2.16451,4.88759
1,63.6,2.21341,4.80036
1,63.7,2.26232,4.71313
1,63.8,2.31122,4.62591
1,63.9,2.36013,4.53868
1,64,2.40903,4.45146
1,64.1,2.45794,4.36423
1,64.2,2.50684,4.27701
1,64.3,2.55575,4.18978
1,64.4,2.60465,4.10255
1,64.5,2.65356,4.01533
1,64.6,2.70246,3.9281
1,64.7,2.75137,3.84088
1,64.8,2.80027,3.75365
1,64.9,2.84917,3.66643
1,65,2.89808,3.5792
1,65.1,2.94698,3.49197
1,65.2,2.99589,3.40475
1,65.3,3.04479,3.31752
1,65.4,3.0937,3.2303
1,65.5,3.1426,3.14307
1,65.6,3.19151,3.05585
1,65.7,3.24041,2.96862
1,65.8,3.28932,2.88139
1,65.9,3.33822,2.79417
1,66,3.38713,2.70694
1,66.1,3.43603,2.61972
1,66.2,3.48494,2.53249
1,66.3,3.53384,2.44527
1,66.4,3.58275,2.35804
1,66.5,3.63165,2.27082
1,66.6,3.68056,2.18359
1,66.7,3.72946,2.09636
1,66.8,3.77837,2.00914
1,66.9,3.82727,1.92191
1,67,3.87618,1.83469
1,67.1,3.92508,1.74746
1,67.2,3.97399,1.66024
1,67.3,4.02289,1.57301
1,67.4,4.07179,1.48578
1,67.5,4.1207,1.39856
1,67.6,4.1696,1.31133
1,67.7,4.21851,1.22411
1,67.8,4.26741,1.13688
1,67.9,4.31632,1.04966
1,68,4.36522,0.96243
1,68.1,4.41413,0.875204
1,68.2,4.46303,0.787978
1,68.3,4.51194,0.700753
1,68.4,4.56084,0.613527
1,68.5,4.60975,0.526301
1,68.6,4.65865,0.439075
1,68.7,4.70756,0.35185
1,68.8,4.75646,0.264624
1,68.9,4.80537,0.177398
1,69,4.85427,0.0901727
1,69.1,4.90318,0.00294699
1,69.2,4.95208,0.0842787
1,69.3,4.99901,0.171504
1,69.4,4.95011,0.25873
1,69.5,4.9012,0.345956
1,69.6,4.8523,0.433181
1,69.7,4.8034,0.520407
1,69.8,4.75449,0.607633
1,69.9,4.70559,0.694859
1,70,4.65668,0.782084
1,70.1,4.60778,0.86931
1,70.2,4.55887,0.956536
1,70.3,4.50997,1.04376
1,70.4,4.46106,1.13099
1,70.5,4.41216,1.21821
1,70.6,4.36325,1.30544
1,70.7,4.31435,1.39266
1,70.8,4.26544,1.47989
1,70.9,4.21654,1.56712
1,71,4.16763,1.65434
1,71.1,4.11873,1.74157
1,71.2,4.06982,1.82879
1,71.3,4.02092,1.91602
1,71.4,3.97201,2.00324
1,71.5,3.92311,2.09047
1,71.6,3.8742,2.1777
1,71.7,3.8253,2.26492
1,71.8,3.77639,2.35215
1,71.9,3.72749,2.43937
1,72,3.67858,2.5266
1,72.1,3.62968,2.61382
1,72.2,3.58078,2.70105
1,72.3,3.53187,2.78828
1,72.4,3.48297,2.8755
1,72.5,3.43406,2.96273
1,72.6,3.38516,3.04995
1,72.7,3.33625,3.13718
1,72.8,3.28735,3.2244
1,72.9,3.23844,3.31163
1,73,3.18954,3.39886
1,73.1,3.14063,3.48608
1,73.2,3.09173,3.57331
1,73.3,3.04282,3.66053
1,73.4,2.99392,3.74776
1,73.5,2.94501,3.83498
1,73.6,2.89611,3.92221
1,73.7,2.8472,4.00943
1,73.8,2.7983,4.09666
1,73.9,2.74939,4.18389
1,74,2.70049,4.27111
1,74.1,2.65158,4.35834
1,74.2,2.60268,4.44556
1,74.3,2.55377,4.53279
1,74.4,2.50487,4.62001
1,74.5,2.45597,4.70724
1,74.6,2.40706,4.79447
1,74.7,2.35816,4.88169
1,74.8,2.30925,4.96892
1,74.9,2.26035,4.94386
1,75,2.21144,4.85663
1,75.1,2.16254,4.76941
1,75.2,2.11363,4.68218
1,75.3,2.06473,4.59495
1,75.4,2.01582,4.50773
1,75.5,1.96692,4.4205
1,75.6,1.91801,4.33328
1,75.7,1.86911,4.24605
1,75.8,1.8202,4.15883
1,75.9,1.7713,4.0716
1,76,1.72239,3.98437
1,76.1,1.67349,3.89715
1,76.2,1.62458,3.80992
1,76.3,1.57568,3.7227
1,76.4,1.52677,3.63547
1,76.5,1.47787,3.54825
1,76.6,1.42896,3.46102
1,76.7,1.38006,3.37379
1,76.8,1.33115,3.28657
1,76.9,1.28225,3.19934
1,77,1.23335,3.11212
1,77.1,1.18444,3.02489
1,77.2,1.13554,2.93767
1,77.3,1.08663,2.85044
1,77.4,1.03773,2.76321
1,77.5,0.988821,2.67599
1,77.6,0.939917,2.58876
1,77.7,0.891012,2.50154
1,77.8,0.842107,2.41431
1,77.9,0.793202,2.32709
1,78,0.744297,2.23986
1,78.1,0.695393,2.15263
1,78.2,0.646488,2.06541
1,78.3,0.597583,1.97818
1,78.4,0.548678,1.89096
1,78.5,0.499774,1.80373
1,78.6,0.450869,1.71651
1,78.7,0.401964,1.62928
1,78.8,0.353059,1.54205
1,78.9,0.304154,1.45483
1,79,0.25525,1.3676
1,79.1,0.206345,1.28038
1,79.2,0.15744,1.19315
1,79.3,0.108535,1.10593
1,79.4,0.0596304,1.0187
1,79.5,0.0107256,0.931475
1,79.6,0.0381792,0.844249
1,79.7,0.087084,0.757024
1,79.8,0.135989,0.669798
1,79.9,0.184894,0.582572
1,80,0.233798,0.495346
1,80.1,0.282703,0.408121
1,80.2,0.331608,0.320895
1,80.3,0.380513,0.233669
1,80.4,0.429418,0.146444
1,80.5,0.478322,0.059218
1,80.6,0.527227,0.0280077
1,80.7,0.576132,0.115233
1,80.8,0.625037,0.202459
1,80.9,0.673941,0.289685
1,81,0.722846,0.37691
1,81.1,0.771751,0.464136
1,81.2,0.820656,0.551362
1,81.3,0.869561,0.638588
1,81.4,0.918465,0.725813
1,81.5,0.96737,0.813039
1,81.6,1.01627,0.900265
1,81.7,1.06518,0.98749
1,81.8,1.11408,1.07472
1,81.9,1.16299,1.16194
1,82,1.21189,1.24917
1,82.1,1.2608,1.33639
1,82.2,1.3097,1.42362
1,82.3,1.35861,1.51084
1,82.4,1.40751,1.59807
1,82.5,1.45642,1.6853
1,82.6,1.50532,1.77252
1,82.7,1.55423,1.85975
1,82.8,1.60313,1.94697
1,82.9,1.65204,2.0342
1,83,1.70094,2.12142
1,83.1,1.74985,2.20865
1,83.2,1.79875,2.29588
1,83.3,1.84766,2.3831
1,83.4,1.89656,2.47033
1,83.5,1.94547,2.55755
1,83.6,1.99437,2.64478
1,83.7,2.04328,2.732
1,83.8,2.09218,2.81923
1,83.9,2.14109,2.90646
1,84,2.18999,2.99368
1,84.1,2.23889,3.08091
1,84.2,2.2878,3.16813
1,84.3,2.3367,3.25536
1,84.4,2.38561,3.34258
1,84.5,2.43451,3.42981
1,84.6,2.48342,3.51704
1,84.7,2.53232,3.60426
1,84.8,2.58123,3.69149
1,84.9,2.63013,3.77871
1,85,2.67904,3.86594
1,85.1,2.72794,3.95316
1,85.2,2.77685,4.04039
1,85.3,2.82575,4.12762
1,85.4,2.87466,4.21484
1,85.5,2.92356,4.30207
1,85.6,2.97247,4.38929
1,85.7,3.02137,4.47652
1,85.8,3.07028,4.56374
1,85.9,3.11918,4.65097
1,86,3.16809,4.7382
1,86.1,3.21699,4.82542
1,86.2,3.2659,4.91265
1,86.3,3.3148,4.99987
1,86.4,3.3637,4.9129
1,86.5,3.41261,4.82568
1,86.6,3.46151,4.73845
1,86.7,3.51042,4.65123
1,86.8,3.55932,4.564
1,86.9,3.60823,4.47677
1,87,3.65713,4.38955
1,87.1,3.70604,4.30232
1,87.2,3.75494,4.2151
1,87.3,3.80385,4.12787
1,87.4,3.85275,4.04065
1,87.5,3.90166,3.95342
1,87.6,3.95056,3.86619
1,87.7,3.99947,3.77897
1,87.8,4.04837,3.69174
1,87.9,4.09728,3.60452
1,88,4.14618,3.51729
1,88.1,4.19509,3.43007
1,88.2,4.24399,3.34284
1,88.3,4.2929,3.25561
1,88.4,4.3418,3.16839
1,88.5,4.39071,3.08116
1,88.6,4.43961,2.99394
1,88.7,4.48852,2.90671
1,88.8,4.53742,2.81949
1,88.9,4.58632,2.73226
1,89,4.63523,2.64503
1,89.1,4.68413,2.55781
1,89.2,4.73304,2.47058
1,89.3,4.78194,2.38336
1,89.4,4.83085,2.29613
1,89.5,4.87975,2.20891
1,89.6,4.92866,2.12168
1,89.7,4.97756,2.03445
1,89.8,4.97353,1.94723
1,89.9,4.92463,1.86
1,90,4.87572,1.77278
1,90.1,4.82682,1.68555
1,90.2,4.77791,1.59833
1,90.3,4.72901,1.5111
1,90.4,4.6801,1.42387
1,90.5,4.6312,1.33665
1,90.6,4.58229,1.24942
1,90.7,4.53339,1.1622
1,90.8,4.48448,1.07497
1,90.9,4.43558,0.987746
1,91,4.38667,0.90052
1,91.1,4.33777,0.813295
1,91.2,4.28887,0.726069
1,91.3,4.23996,0.638843
1,91.4,4.19106,0.551618
1,91.5,4.14215,0.464392
1,91.6,4.09325,0.377166
1,91.7,4.04434,0.28994
1,91.8,3.99544,0.202715
1,91.9,3.94653,0.115489
1,92,3.89763,0.0282634
1,92.1,3.84872,0.0589623
1,92.2,3.79982,0.146188
1,92.3,3.75091,0.233414
1,92.4,3.70201,0.320639
1,92.5,3.6531,0.407865
1,92.6,3.6042,0.495091
1,92.7,3.55529,0.582316
1,92.8,3.50639,0.669542
1,92.9,3.45748,0.756768
1,93,3.40858,0.843994
1,93.1,3.35967,0.931219
1,93.2,3.31077,1.01844
1,93.3,3.26186,1.10567
1,93.4,3.21296,1.1929
1,93.5,3.16405,1.28012
1,93.6,3.11515,1.36735
1,93.7,3.06625,1.45457
1,93.8,3.01734,1.5418
1,93.9,2.96844,1.62902
1,94,2.91953,1.71625
1,94.1,2.87063,1.80348
1,94.2,2.82172,1.8907
1,94.3,2.77282,1.97793
1,94.4,2.72391,2.06515
1,94.5,2.67501,2.15238
1,94.6,2.6261,2.2396
1,94.7,2.5772,2.32683
1,94.8,2.52829,2.41406
1,94.9,2.47939,2.50128
1,95,2.43048,2.58851
1,95.1,2.38158,2.67573
1,95.2,2.33267,2.76296
1,95.3,2.28377,2.85018
1,95.4,2.23486,2.93741
1,95.5,2.18596,3.02464
1,95.6,2.13705,3.11186
1,95.7,2.08815,3.19909
1,95.8,2.03924,3.28631
1,95.9,1.99034,3.37354
1,96,1.94144,3.46076
1,96.1,1.89253,3.54799
1,96.2,1.84363,3.63522
1,96.3,1.79472,3.72244
1,96.4,1.74582,3.80967
1,96.5,1.69691,3.89689
1,96.6,1.64801,3.98412
1,96.7,1.5991,4.07134
1,96.8,1.5502,4.15857
1,96.9,1.50129,4.2458
1,97,1.45239,4.33302
1,97.1,1.40348,4.42025
1,97.2,1.35458,4.50747
1,97.3,1.30567,4.5947
1,97.4,1.25677,4.68192
1,97.5,1.20786,4.76915
1,97.6,1.15896,4.85638
1,97.7,1.11005,4.9436
1,97.8,1.06115,4.96917
1,97.9,1.01224,4.88195
1,98,0.963339,4.79472
1,98.1,0.914435,4.7075
1,98.2,0.86553,4.62027
1,98.3,0.816625,4.53304
1,98.4,0.76772,4.44582
1,98.5,0.718815,4.35859
1,98.6,0.669911,4.27137
1,98.7,0.621006,4.18414
1,98.8,0.572101,4.09692
1,98.9,0.523196,4.00969
1,99,0.474291,3.92246
1,99.1,0.425387,3.83524
1,99.2,0.376482,3.74801
1,99.3,0.327577,3.66079
1,99.4,0.278672,3.57356
1,99.5,0.229767,3.48634
1,99.6,0.180863,3.39911
1,99.7,0.131958,3.31189
1,99.8,0.0830531,3.22466
1,99.9,0.0341483,3.13743
1,100,0.0147565,3.05021
1,100.1,0.0636613,2.96298
1,100.2,0.112566,2.87576
1,100.3,0.161471,2.78853
1,100.4,0.210376,2.70131
1,100.5,0.25928,2.61408
1,100.6,0.308185,2.52685
1,100.7,0.35709,2.43963
1,100.8,0.405995,2.3524
1,100.9,0.4549,2.26518
1,101,0.503804,2.17795
1,101.1,0.552709,2.09073
1,101.2,0.601614,2.0035
1,101.3,0.650519,1.91627
1,101.4,0.699424,1.82905
1,101.5,0.748328,1.74182
1,101.6,0.797233,1.6546
1,101.7,0.846138,1.56737
1,101.8,0.895043,1.48015
1,101.9,0.943947,1.39292
1,102,0.992852,1.30569
1,102.1,1.04176,1.21847
1,102.2,1.09066,1.13124
1,102.3,1.13957,1.04402
1,102.4,1.18847,0.956791
1,102.5,1.23738,0.869566
1,102.6,1.28628,0.78234
1,102.7,1.33519,0.695114
1,102.8,1.38409,0.607889
1,102.9,1.433,0.520663
1,103,1.4819,0.433437
1,103.1,1.5308,0.346211
1,103.2,1.57971,0.258986
1,103.3,1.62861,0.17176
1,103.4,1.67752,0.0845344
1,103.5,1.72642,0.00269127
1,103.6,1.77533,0.089917
1,103.7,1.82423,0.177143
1,103.8,1.87314,0.264368
1,103.9,1.92204,0.351594
1,104,1.97095,0.43882
1,104.1,2.01985,0.526045
1,104.2,2.06876,0.613271
1,104.3,2.11766,0.700497
1,104.4,2.16657,0.787723
1,104.5,2.21547,0.874948
1,104.6,2.26438,0.962174
1,104.7,2.31328,1.0494
1,104.8,2.36219,1.13663
1,104.9,2.41109,1.22385
1,105,2.46,1.31108
1,105.1,2.5089,1.3983
1,105.2,2.55781,1.48553
1,105.3,2.60671,1.57275
1,105.4,2.65562,1.65998
1,105.5,2.70452,1.74721
1,105.6,2.75342,1.83443
1,105.7,2.80233,1.92166
1,105.8,2.85123,2.00888
1,105.9,2.90014,2.09611
1,106,2.94904,2.18333
1,106.1,2.99795,2.27056
1,106.2,3.04685,2.35778
1,106.3,3.09576,2.44501
1,106.4,3.14466,2.53224
1,106.5,3.19357,2.61946
1,106.6,3.24247,2.70669
1,106.7,3.29138,2.79391
1,106.8,3.34028,2.88114
1,106.9,3.38919,2.96836
1,107,3.43809,3.05559
1,107.1,3.487,3.14282
1,107.2,3.5359,3.23004
1,107.3,3.58481,3.31727
1,107.4,3.63371,3.40449
1,107.5,3.68262,3.49172
1,107.6,3.73152,3.57894
1,107.7,3.78043,3.66617
1,107.8,3.82933,3.7534
1,107.9,3.87823,3.84062
1,108,3.92714,3.92785
1,108.1,3.97604,4.01507
1,108.2,4.02495,4.1023
1,108.3,4.07385,4.18952
1,108.4,4.12276,4.27675
1,108.5,4.17166,4.36398
1,108.6,4.22057,4.4512
1,108.7,4.26947,4.53843
1,108.8,4.31838,4.62565
1,108.9,4.36728,4.71288
1,109,4.41619,4.8001
1,109.1,4.46509,4.88733
1,109.2,4.514,4.97456
1,109.3,4.5629,4.93822
1,109.4,4.61181,4.85099
1,109.5,4.66071,4.76377
1,109.6,4.70962,4.67654
1,109.7,4.75852,4.58932
1,109.8,4.80743,4.50209
1,109.9,4.85633,4.41486
1,110,4.90524,4.32764
1,110.1,4.95414,4.24041
1,110.2,4.99695,4.15319
1,110.3,4.94805,4.06596
1,110.4,4.89915,3.97874
1,110.5,4.85024,3.89151
1,110.6,4.80134,3.80428
1,110.7,4.75243,3.71706
1,110.8,4.70353,3.62983
1,110.9,4.65462,3.54261
1,111,4.60572,3.45538
1,111.1,4.55681,3.36816
1,111.2,4.50791,3.28093
1,111.3,4.459,3.1937
1,111.4,4.4101,3.10648
1,111.5,4.36119,3.01925
1,111.6,4.31229,2.93203
1,111.7,4.26338,2.8448
1,111.8,4.21448,2.75758
1,111.9,4.16557,2.67035
1,112,4.11667,2.58312
1,112.1,4.06776,2.4959
1,112.2,4.01886,2.40867
1,112.3,3.96995,2.32145
1,112.4,3.92105,2.23422
1,112.5,3.87214,2.147
1,112.6,3.82324,2.05977
1,112.7,3.77434,1.97255
1,112.8,3.72543,1.88532
1,112.9,3.67653,1.79809
1,113,3.62762,1.71087
1,113.1,3.57872,1.62364
1,113.2,3.52981,1.53642
1,113.3,3.48091,1.44919
1,113.4,3.432,1.36197
1,113.5,3.3831,1.27474
1,113.6,3.33419,1.18751
1,113.7,3.28529,1.10029
1,113.8,3.23638,1.01306
1,113.9,3.18748,0.925837
1,114,3.13857,0.838611
1,114.1,3.08967,0.751385
1,114.2,3.04076,0.66416
1,114.3,2.99186,0.576934
1,114.4,2.94295,0.489708
1,114.5,2.89405,0.402483
1,114.6,2.84514,0.315257
1,114.7,2.79624,0.228031
1,114.8,2.74733,0.140805
1,114.9,2.69843,0.0535798
1,115,2.64952,0.0336459
1,115.1,2.60062,0.120872
1,115.2,2.55172,0.208097
1,115.3,2.50281,0.295323
1,115.4,2.45391,0.382549
1,115.5,2.405,0.469774
1,115.6,2.3561,0.557
1,115.7,2.30719,0.644226
1,115.8,2.25829,0.731451
1,115.9,2.20938,0.818677
1,116,2.16048,0.905903
1,116.1,2.11157,0.993129
1,116.2,2.06267,1.08035
1,116.3,2.01376,1.16758
1,116.4,1.96486,1.25481
1,116.5,1.91595,1.34203
1,116.6,1.86705,1.42926
1,116.7,1.81814,1.51648
1,116.8,1.76924,1.60371
1,116.9,1.72033,1.69093
1,117,1.67143,1.77816
1,117.1,1.62252,1.86539
1,117.2,1.57362,1.95261
1,117.3,1.52471,2.03984
1,117.4,1.47581,2.12706
1,117.5,1.42691,2.21429
1,117.6,1.378,2.30151
1,117.7,1.3291,2.38874
1,117.8,1.28019,2.47597
1,117.9,1.23129,2.56319
1,118,1.18238,2.65042
1,118.1,1.13348,2.73764
1,118.2,1.08457,2.82487
1,118.3,1.03567,2.91209
1,118.4,0.986762,2.99932
1,118.5,0.937857,3.08655
1,118.6,0.888952,3.17377
1,118.7,0.840048,3.261
1,118.8,0.791143,3.34822
1,118.9,0.742238,3.43545
1,119,0.693333,3.52267
1,119.1,0.644429,3.6099
1,119.2,0.595524,3.69713
1,119.3,0.546619,3.78435
1,119.4,0.497714,3.87158
1,119.5,0.448809,3.9588
1,119.6,0.399905,4.04603
1,119.7,0.351,4.13325
1,119.8,0.302095,4.22048
1,119.9,0.25319,4.3077
1,120,0.204285,4.39493
